--
-- PostgreSQL database dump
--

\restrict GelPLepaacSI3OZ1camOEF1C4FK2KhWZxz2FKnuUAANvrMZHtMfKoqDtdzYg9dX

-- Dumped from database version 14.20 (Ubuntu 14.20-0ubuntu0.22.04.1)
-- Dumped by pg_dump version 14.20 (Ubuntu 14.20-0ubuntu0.22.04.1)

SET statement_timeout = 0;
SET lock_timeout = 0;
SET idle_in_transaction_session_timeout = 0;
SET client_encoding = 'UTF8';
SET standard_conforming_strings = on;
SELECT pg_catalog.set_config('search_path', '', false);
SET check_function_bodies = false;
SET xmloption = content;
SET client_min_messages = warning;
SET row_security = off;

--
-- Data for Name: alembic_version; Type: TABLE DATA; Schema: public; Owner: rent_user
--

COPY public.alembic_version (version_num) FROM stdin;
\.


--
-- Data for Name: channels; Type: TABLE DATA; Schema: public; Owner: postgres
--

COPY public.channels (id, telegram_id, username, title, chat_type, invite_link, is_active, added_at, last_message_at) FROM stdin;
2	-1001434238910	\N	Аренда в Ташкенте 🔎	channel	\N	t	2025-11-29 21:19:02.725784+05	2025-11-29 16:15:01+05
1	-1003030247077	\N	test for app	channel	\N	t	2025-11-29 20:52:01.764425+05	2025-12-31 17:14:29+05
5	-1002192823420	\N	Море Недвижимости АРЕНДА.Уз	channel	\N	t	2025-12-21 17:47:01.442107+05	2025-12-21 12:47:25+05
4	-1001535136862	\N	БЕЗ РИЭЛТОРА	channel	\N	t	2025-12-08 19:31:46.693888+05	2026-01-01 18:36:57+05
7	-1001590145478	\N	БЕЗ МАКЛЕР ЭЪЛОНЛАР | ОБЪЯВЛЕНИЯ БЕЗ МАКЛЕРА	channel	\N	t	2025-12-21 20:00:03.962091+05	2026-01-01 18:36:58+05
3	-1001353416773	\N	Аренда квартир в Ташкенте	channel	\N	t	2025-11-29 21:35:57.647028+05	2026-01-01 18:40:07+05
8	-1002002705045	\N	Аренда Квартир в Ташкенте	channel	\N	t	2026-01-01 18:05:59.674045+05	2026-01-01 18:36:59+05
6	-1002229197607	\N	🔝Аренда Good Homes	channel	\N	t	2025-12-21 18:48:43.407219+05	2026-01-01 18:57:26+05
\.


--
-- Data for Name: posts; Type: TABLE DATA; Schema: public; Owner: postgres
--

COPY public.posts (id, post_uid, channel_id, message_id, grouped_id, text_raw, text_len, phones, links, hashtags, mentions, published_at, fetched_at, updated_at, is_deleted, deleted_at, text_hash, fingerprint, duplicate_of) FROM stdin;
1	album:-1003030247077:108	1	108	14115452143285794	#Мирабадский район,Метро Ойбек\nОр-р Точка вкуса\n🔹Тип дома:Вторичный фонд\n🔹Кол-во комнат: 1\n🔹Этаж: 3\n🔹Этажность: 4\n🔹Площадь кв.метр:35\n🔹Цена: 650$|Депозит|Предоплата\n🔷Состояние:Новый ремонт\nID:11355\nКомиссионные 50% от первого месяца	232	{}	{}	{#Мирабадский}	{}	2025-11-29 15:51:57+05	2025-11-29 20:52:01.764425+05	2025-11-29 20:52:01.764425+05	f	\N	0e9184e59df334f8d55b8b4469865e7b63be32697fafa90f290165df8d9e39ca	ce181f00469d5e5ff772a8008593ea25	\N
2	album:-1001434238910:7556	2	7556	14115463208332874	•Аренда:\n- Чиланзар-1 квартал.\n- 2 комнатная, 4 этаж, 4 этажный дом, хороший ремонт, мебель и техника, интернет, цена: 720$\n------------------------------------\n✏️ Telegram 👉 @dom_vsem_uz\n------------------------------------\n☎️  +99890-917-30-03\n------------------------------------\n📞  +99890-345-48-46\n------------------------------------\nВарианты квартир канал ⬇️\nhttps://t.me/kvartira_dom_arenda	398	{"+99890-345-48-46 ------------------------------------","+99890-917-30-03 ------------------------------------"}	{tps://t.me/kvartira_dom_arenda}	{}	{"dom_vsem_uz\n"}	2025-11-29 16:15:01+05	2025-11-29 21:19:02.725784+05	2025-11-29 21:19:02.725784+05	f	\N	67848d3aa77e92dab3c0248ee970dbe47c443efee8f62dc5e11a3555650b0df2	ed43710747d7ea7ebe3e6e60f2b7abed	\N
4	album:-1001353416773:94847	3	94847	14115473230178266		0	{}	{}	{}	{}	2025-11-29 16:35:53+05	2025-11-29 21:35:57.647028+05	2025-11-29 21:35:57.647028+05	f	\N	\N	b99834bc19bbad24580b3adfa04fb947	\N
8	album:-1001353416773:94860	3	94860	14115504600500482	🟣Мирабадский район\n     Ул. Нукус\n\n📍Ориентир: Бывш. Бутик Гламур\n\nУдобное расположение в центре города! \nКвартира полностью оснащена мебелью и техникой для комфортного проживания.\n\n🔹Комнат: 2\n🔹Этаж: 7\n🔹Этажей в доме: 9\n🔹Общая площадь: 60 м²\n\n🔹Евро ремонт \n\nРегистрация иностранных граждан/ договор аренды\n\n📝Каталог с вариантами\n\n🔵Написать сообщение \n\n🔗@Tasha16 | +9989032573088	377	{+9989032573088}	{https://t.me/@Tasha16,https://t.me/NataHomeUz}	{}	{" +998903"}	2025-11-29 17:41:15+05	2025-11-29 22:41:21.886834+05	2025-11-29 22:41:21.886834+05	f	\N	72efd435f78828e604f400874d5221706af693a93c00b63a805a2d234c4a0eb2	d4b67ef7ef15ac02abc29ffbca5efdcc	\N
10	msg:-1001353416773:94870	3	94870	\N	А где цена	10	{}	{}	{}	{}	2025-11-29 17:46:33+05	2025-11-29 22:46:34.310487+05	2025-11-29 22:46:34.310487+05	f	\N	5f3eade3aa0e958c28f87cb05e3721919ab7af14fdff75d017d5b643697782ff	c64d9621ee8b84d63f4b6beaffa43cb5	\N
11	msg:-1001353416773:94871	3	94871	\N	😂	1	{}	{}	{}	{}	2025-11-29 17:46:36+05	2025-11-29 22:46:37.086819+05	2025-11-29 22:46:37.086819+05	f	\N	d8c7b3398b054be5f0e2b42502fb5e83a065956fba00bc15a2fb5e3e962194b4	7aea2da7d2fc3b3ce8c3d2b02820891e	\N
12	album:-1001353416773:94879	3	94879	14115513084651290	🟣Мирабадский район\n      Новостройка \n      ЖК «NRG Oybek»\n\n📍Ориентир: Улица Нукус, Метро Айбек, 5 минут пешком до ул. Тараса Шевченко\n\nУдобное расположение в центре города! \nКвартира полностью оснащена мебелью и техникой для комфортного проживания.\n\n🔹Комнат: 2\n🔸Этаж: 11\n🔹Этажей в доме: 12\n🔸Общая площадь: 70 м²\n\nУдобства:\n🔹Закрытый двор\n🔸Детская площадка \n\nЦена: 17 850 000 сум (1500)\n\nРегистрация иностранных граждан/ договор аренды\n\n📝Каталог с вариантами\n\n🔵Написать сообщение \n\n🔗@Tasha16 | +998903257308	507	{+998903257308,"17 850 000"}	{https://t.me/@Tasha16,https://t.me/NataHomeUz}	{}	{+9989032}	2025-11-29 17:58:55+05	2025-11-29 22:59:02.606355+05	2025-11-29 22:59:02.606355+05	f	\N	4b6bbca6bd46d443a0799418cabe3ff40424c28e9d27084d5a9824f282fa7960	489bffbea0cc6e9558b38cf70bc393e5	\N
13	album:-1001353416773:94880	3	94880	14115514762502578		0	{}	{}	{}	{}	2025-11-29 18:02:25+05	2025-11-29 23:02:30.057459+05	2025-11-29 23:02:30.057459+05	f	\N	\N	b99834bc19bbad24580b3adfa04fb947	\N
41	album:-1003030247077:156	1	156	14130607216138554	#Мирзо-Улугбекский район,IT Park\n🔹Тип дома:Новостройка \n🔹Кол-во комнат: 2\n🔹Этаж: 6\n🔹Этажность: 8\n🔹Площадь кв.метр:60\n🔹Цена: 750$ |Депозит\n🔷Состояние:Евро-Люкс\nID:11429\nКомиссионные 50% от первого месяца	202	{}	{}	{#Мирзо}	{}	2025-12-21 14:05:02+05	2025-12-21 19:05:05.953952+05	2025-12-21 19:05:05.953952+05	f	\N	5f8411428783f6c2e4e065995d197e420a15dc322dd50a9f2e065fc753e3769b	771e45180da228234d1d1f0bdf56a8e4	\N
29	album:-1001535136862:12124	4	12124	14121634404751058		0	{}	{}	{}	{}	2025-12-08 14:31:40+05	2025-12-08 19:31:46.693888+05	2025-12-08 19:31:46.693888+05	f	\N	\N	b99834bc19bbad24580b3adfa04fb947	\N
34	album:-1002192823420:56713	5	56713	14130569709696618		0	{}	{}	{}	{}	2025-12-21 12:46:53+05	2025-12-21 17:47:01.442107+05	2025-12-21 17:47:01.442107+05	f	\N	\N	b99834bc19bbad24580b3adfa04fb947	\N
35	album:-1002192823420:56721	5	56721	14130569967168370	Аренда - НОВОСТРОЙКА ✅✅\nРайон - Мирабад\nОрентир - ЖК Парквуд\nКомнат - 2\nЭтаж - 8\nЭтажность - 10\nПлощадь - 63м2\nСостояние -  Евро ремонт \nОписание -Мебель техника\nЦена - 1000$  \n\nУмар +998999010103\n\n\nБольше вариантов в телеграмм канале \nhttps://t.me/MoreArendauz\n\n\n\nТелеграм @Umarkhan0303 \n\n\n\n#МореАрендаМирабад2	311	{+998999010103}	{https://t.me/MoreArendauz}	{#МореАрендаМирабад2}	{@Umarkhan0303}	2025-12-21 12:47:25+05	2025-12-21 17:47:29.704715+05	2025-12-21 17:47:29.704715+05	f	\N	23819f6b220ccd15879b59b7fdfdc3134ed8c6713a76b783505a51df95bbd55e	915c4660d290485e8250a639106842ec	\N
36	album:-1002229197607:56825	6	56825	14130599362945458	#Юнусабадский район,12-квартал\n🔹Тип дома:Вторичный фонд\n🔹Кол-во комнат: 2\n🔹Этаж: 3\n🔹Этажность: 5\n🔹Площадь кв.метр:55\n🔹Цена: 600$ \n🔷Состояние:Евроремонт \nID:1238\nКомиссионные 50% от первого месяца	195	{}	{}	{#Юнусабадский}	{}	2025-12-21 13:48:40+05	2025-12-21 18:48:43.407219+05	2025-12-21 18:48:43.407219+05	f	\N	752afbad099f267f6ec9aa0f9d7efe032aab4b87ccf1ddb1a95720662fefca0b	e3458bcd3fd44565693bc02770cfcd6a	\N
37	album:-1002229197607:56832	6	56832	14130601088260010	#Юнусабадский район,6-квартал\nОр-р Посольство Америки\nЖК Xonsaroy Diplomat\n🔹Тип дома:Новостройка \n🔹Кол-во комнат: 2\n🔹Этаж: 13\n🔹Этажность: 16\n🔹Площадь кв.метр:60\n🔹Цена: 650$ \n🔷Состояние:Евро-Люкс\nID:1238\nКомиссионные 50% от первого месяца	237	{}	{}	{#Юнусабадский}	{}	2025-12-21 13:52:16+05	2025-12-21 18:52:19.747869+05	2025-12-21 18:52:19.747869+05	f	\N	639134609b5ae1f9aa82bd4f228b8b05761ab4e7f5fe81929eaf831da117e377	99d162d18873a9d2bce911d09b380065	\N
42	album:-1003030247077:165	1	165	14130607348336602	#Яшнабадский район,метро Дустлик /Чкалова\n🔹Тип дома:Новостройка(по типу коттеджа)\n🔹Кол-во комнат: 3\n🔹Этаж: 3\n🔹Этажность: 3\n🔹Площадь кв.метр:75\n🔹Цена: 600$ |Депозит\n🔷Состояние:Евроремонт \nID:11428\nКомиссионные 50% от первого месяца	230	{}	{}	{#Яшнабадский}	{}	2025-12-21 14:05:18+05	2025-12-21 19:05:20.562632+05	2025-12-21 19:05:20.562632+05	f	\N	6d05cd36a372628eb55330413d36710d00bd6b58cdfdf8d9ca4cc239f5933d39	b474eb72792ca0f58143b2feef93c826	\N
43	album:-1003030247077:171	1	171	14130607430019002	#Юнусабадский район,4-квартал\nОр-р Паспортный стол\n🔹Тип дома:Новостройка \n🔹Кол-во комнат: 1\n🔹Этаж: 3\n🔹Этажность: 4\n🔹Площадь кв.метр:30\n🔹Цена: 500$|Торг\n🔷Состояние:Евроремонт \nID:11424\nКомиссионные 50% от первого месяца	218	{}	{}	{#Юнусабадский}	{}	2025-12-21 14:05:28+05	2025-12-21 19:05:30.898708+05	2025-12-21 19:05:30.898708+05	f	\N	c0d309312df62f2495501d9503da54d3ebbfb6750f37fbf29898089e4b041413	b78805fb12eb52858f530ec20cb6a1a1	\N
44	album:-1003030247077:178	1	178	14130609193035058	#Юнусабадский район,16-й\nОр-р Учкахрамон(бетонка)\nЖК Xonsaroy Ocean\n🔹Тип дома:Новостройка \n🔹Кол-во комнат: 1\n🔹Этаж: 2\n🔹Этажность: 16\n🔹Площадь кв.метр:40\n🔹Цена: 500$ \n🔷Состояние:Евро-Люкс\nID:11421\nКомиссионные 50% от первого месяца	230	{}	{}	{#Юнусабадский}	{}	2025-12-21 14:09:09+05	2025-12-21 19:09:10.933456+05	2025-12-21 19:09:10.933456+05	f	\N	2c186eefdbd0afad1e60a651ff45ee5cbae0dddea0e1de887a773136e020d3a7	d1063855b74773ef07e5ddfa85a6af66	\N
45	album:-1003030247077:183	1	183	14130609275675282	#Юнусабадский район,6-квартал\nОр-р Посольство Америки\nЖК Xonsaroy Parliament \n🔹Тип дома:Новостройка \n🔹Кол-во комнат: 2\n🔹Этаж: 13\n🔹Этажность: 16\n🔹Площадь кв.метр:50\n🔹Цена: 700$ |Депозит 300$ \n🔷Состояние:Евро-Люкс\nID:12386\nКомиссионные 50% от первого месяца	255	{}	{}	{#Юнусабадский}	{}	2025-12-21 14:09:19+05	2025-12-21 19:09:21.666949+05	2025-12-21 19:09:21.666949+05	f	\N	e632d7d5dbea9fc1cff443536a30d4f564ab990bf981658059c566634f55ff8a	b00d1fee9c60cc480ca990ee877c2fe2	\N
46	album:-1003030247077:191	1	191	14130609329934858	#Юнусабадский район,Метро Шахристан\n🔹Тип дома:Вторичный фонд\n🔹Кол-во комнат: 2\n🔹Этаж: 3\n🔹Этажность: 4\n🔹Площадь кв.метр:60\n🔹Цена: 600$ \n🔷Состояние:Классический Евроремонт \nID:12384\nКомиссионные 50% от первого месяца	214	{}	{}	{#Юнусабадский}	{}	2025-12-21 14:09:26+05	2025-12-21 19:09:31.947836+05	2025-12-21 19:09:31.947836+05	f	\N	1af62af9d2450e7f02145e2383b60cf8b7e88d1603d8a7da23f79bc2cf5b02d2	65e387b3217944f212064f330caf7656	\N
47	album:-1002229197607:56840	6	56840	14130610996863746	#Мирзо-Улугбекский район,Парк Локомотив /Институт Культуры \n🔹Тип дома:Вторичный фонд\n🔹Кол-во комнат: 2\n🔹Этаж: 3\n🔹Этажность: 4\n🔹Площадь кв.метр:55\n🔹Цена: 500$ \n🔷Состояние:Авторский проект\nID:12250\nКомиссионные 50% от первого месяца	230	{}	{}	{#Мирзо}	{}	2025-12-21 14:12:54+05	2025-12-21 19:12:59.734482+05	2025-12-21 19:12:59.734482+05	f	\N	b5b94544bcac64d7c86895889214e40ec8414fe830383ce4eacadb4451a52423	b41c0528f83f1a00ef59ebbd1f127663	\N
48	album:-1002229197607:56848	6	56848	14130612639520122	#Юнусабадский район,18-квартал\n🔹Тип дома:Новостройка \n🔹Кол-во комнат: 2\n🔹Этаж: 2\n🔹Этажность: 10\n🔹Площадь кв.метр:60\n🔹Цена: 650$ |Депозит\n🔷Состояние:Новый ремонт\nID:12276\nКомиссионные 50% от первого месяца\nНикто не жил	217	{}	{}	{#Юнусабадский}	{}	2025-12-21 14:16:19+05	2025-12-21 19:16:24.59947+05	2025-12-21 19:16:24.59947+05	f	\N	d460467475602f6880d3cfd6623e3dafaf0ec3a1f667b322273a5aa9c68b94eb	54593edd2f8ad8aa925155bb2df33779	\N
51	album:-1002229197607:56856	6	56856	14130624737777826	#Мирзо-Улугбекский район,Дархан\nПлощадь/Метро Хамида Алимжана\nОр-р Высотки\n🔹Тип дома:Вторичный фонд\n🔹Кол-во комнат: 2\n🔹Этаж: 15\n🔹Этажность: 18\n🔹Площадь кв.метр:70\n🔹Цена: 600$ \n🔷Состояние:Классический ремонт \nID:12387\nКомиссионные 50% от первого месяца	251	{}	{}	{#Мирзо}	{}	2025-12-21 14:41:32+05	2025-12-21 19:41:35.072517+05	2025-12-21 19:41:35.072517+05	f	\N	1964065106b3b43e066e68aaa70762a2e92906c270df3e248049552f79932ba5	d12daf86d981cc66a790e02fb81db4b0	\N
52	album:-1002229197607:56864	6	56864	14130627206793874	#Мирзо-Улугбекский район,ТТЗ \nОр-р не доезжая рынка А.Югнакий/Мебельный\n🔹Тип дома:Новостройка \n🔹Кол-во комнат: 2\n🔹Этаж: 5\n🔹Этажность: 8\n🔹Площадь кв.метр:42\n🔹Цена: 500$ \n🔷Состояние:Новостройка \nID:12388\nКомиссионные 50% от первого месяца	236	{}	{}	{#Мирзо}	{}	2025-12-21 14:46:40+05	2025-12-21 19:46:44.249728+05	2025-12-21 19:46:44.249728+05	f	\N	6af03ce19829cbb60bd1b35ae8b5a29c210fa6899b6effed7ffd006864642235	f44ccb9d9955abbacb3e080ca7f48db0	\N
53	album:-1002229197607:56873	6	56873	14130629663700770	#Яшнабадский район,Ул.Махтумкули\n🔹Тип дома:Новостройка\n🔹Кол-во комнат: 1\n🔹Этаж: 6\n🔹Этажность: 9\n🔹Площадь кв.метр:38\n🔹Цена: 450$ \n🔷Состояние:Евроремонт \nID:12390\nКомиссионные 50% от первого месяца	195	{}	{}	{#Яшнабадский}	{}	2025-12-21 14:51:47+05	2025-12-21 19:51:51.125329+05	2025-12-21 19:51:51.125329+05	f	\N	f6988ee79df7798037a5e403c787f464602471444ce14571705fe51648dfaf7b	d4c285235d0f228a3e2e9ed94b0faced	\N
54	album:-1002229197607:56881	6	56881	14130630614725402	#Яшнабадский район,Ул.Махтумкули\nЖК Besh Chinar\n🔹Тип дома:Новостройка (Двухъярусная)\n🔹Кол-во комнат: 2\n🔹Этаж: \n🔹Этажность: 14\n🔹Площадь кв.метр:42\n🔹Цена: 600$ \n🔷Состояние:Евроремонт \nID:12391\nКомиссионные 50% от первого месяца	225	{}	{}	{#Яшнабадский}	{}	2025-12-21 14:53:46+05	2025-12-21 19:53:49.283018+05	2025-12-21 19:53:49.283018+05	f	\N	3fc0f30e86cd4608575148b07246dde88fdf9b01815b26fc27b953279f96c083	88e31457a0bab297b4b7928016b154c7	\N
55	album:-1002229197607:56889	6	56889	14130632085376362	#Шайхантахурский район,Чорсу \n🔹Тип дома:Вторичный фонд\n🔹Кол-во комнат: 2\n🔹Этаж: 1\n🔹Этажность: 5\n🔹Площадь кв.метр:55\n🔹Цена: 550$ |Торг\n🔷Состояние:Классический ремонт\nID:12391\nКомиссионные 50% от первого месяца\nМожно студентам до 4-5 чел	235	{}	{}	{#Шайхантахурский}	{}	2025-12-21 14:56:50+05	2025-12-21 19:56:55.276746+05	2025-12-21 19:56:55.276746+05	f	\N	0a4eae971ca7bee867629e215056393ca4a0e5a98a155c8da32c00b0d6dbb011	d0438218598ff072952215c2d80875a0	\N
56	album:-1002229197607:56898	6	56898	14130633114248674	#Шайхантахурский район,Дружба Народов/Коратош\nЖК Chaqar\n🔹Тип дома:Новостройка \n🔹Кол-во комнат: 1\n🔹Этаж: 5\n🔹Этажность: 16\n🔹Площадь кв.метр:42\n🔹Цена: 600$ |Торг\n🔷Состояние:Евроремонт \nID:12394\nКомиссионные 50% от первого месяца	225	{}	{}	{#Шайхантахурский}	{}	2025-12-21 14:58:59+05	2025-12-21 19:59:02.515909+05	2025-12-21 19:59:02.515909+05	f	\N	d2ca90d44fa38bd7c6fb7dc13c676f1a8084552e0978f65064724c3e8bdf577f	d5b44ed62152940a51b0bf902711e581	\N
57	album:-1001590145478:12557	7	12557	14130633600651970	АРЕНДА НЕ ДЛЯ РИЕЛТОРОВ, БЕЗ МАКЛЕРА И БЕЗ ПОСРЕДНИКОВ !!!\n\n\nIJARAGA KVARTIRA ✅\n\nTARTIBLI INSONLARGA ✅\n\n#OILAGA | #QIZLARGA | #BOLLARGA ✅\n\nManzil: MIRZO ULUG'BEK TUMANI, QORASUV-6, AVAYXON KO'CHASI\n\nMo'ljal: OLTIN TEPA MASJIDI YONIDA, BUYUK IPAK YO'LI METRO 🚊 7 MINUT 🚘 YO'L\n\nXonalar soni: 1 XONA 3/3\n\nSharoiti: KIRMOSHINA, KONDITSIONER, MUZLATGICH, TELEVIZOR, GILAMLAR MAVJUD\n\nSharti: OZODA VA POKIZA INSONLARGA BERILADI\n\nNarx: 350 $\n\nTel.: 📞 +998937576775 EGASI ✅\n\nBEZMAKLER ✅\n\n\n\nE'LON BERISH👉 Kanallarga @azizinni | Guruhlarga @uy_uzimniki_ijara_bez_maklera  \n\nKANALLARIMIZGA QO'SHILISH\n👇👇👇👇\nhttps://t.me/bez_maklera\n\nGURUHLARIMIZGA QO'SHILISH \n👇👇👇👇\nhttps://t.me/+adoArKZ5EutiNTEy	683	{+998937576775}	{https://t.me/addlist/zBqVMpB2Tks3YTRi,https://t.me/addlist/x13BfEzcyd5kYTky}	{#QIZLARGA,#OILAGA,#BOLLARGA}	{"uzimniki_ijara_bez_maklera  \n\n","zinni | G"}	2025-12-21 15:00:00+05	2025-12-21 20:00:03.962091+05	2025-12-21 20:00:03.962091+05	f	\N	3a81d170f0081ccf43d5aaccb0df78f3caa85094bcc50ea6dc8059522bf6a038	2100f2197a9ec856653f4cb1acaf46bc	\N
59	album:-1002229197607:56903	6	56903	14130634165898306	#Яккасарайский район,8-роддом\nЖК Dream House\n🔹Тип дома:Новостройка \n🔹Кол-во комнат: 1\n🔹Этаж: 8\n🔹Этажность: 9\n🔹Площадь кв.метр:46\n🔹Цена: 800$ |Торг\n🔷Состояние:Евроремонт \nID:12395\nКомиссионные 50% от первого месяца	213	{}	{}	{#Яккасарайский}	{}	2025-12-21 15:01:10+05	2025-12-21 20:01:13.888146+05	2025-12-21 20:01:13.888146+05	f	\N	92c42d9727396419b4b0ed43767653997bd1c1403d438e5f327a99029d4a107e	ca67613b813e6e222af85ed54a2b1f9a	\N
60	album:-1002229197607:56910	6	56910	14130636791883122	#Мирзо-Улугбекский район,Новомосковская\nОр-р завод Crafers/Лакокраска\nЖК Ozmahal (Golden House)\n🔹Тип дома:Новостройка \n🔹Кол-во комнат: 1\n🔹Этаж: 4\n🔹Этажность: 13\n🔹Площадь кв.метр:46\n🔹Цена: 700$ |Торг\n🔷Состояние:Новый ремонт \nID:12395\nКомиссионные 50% от первого месяца	267	{}	{}	{#Мирзо}	{}	2025-12-21 15:06:39+05	2025-12-21 20:06:43.857998+05	2025-12-21 20:06:43.857998+05	f	\N	624778574767cb3e18037a12d0824425bbe0d36287099481e01f2a842deea60c	577be2671f7f1bc30b277cd4dc1c2e57	\N
61	album:-1002229197607:56919	6	56919	14130637058073090	#Алмазарский район,ЖК Almazara-City\n🔹Тип дома:Новостройка \n🔹Кол-во комнат: 2\n🔹Этаж: 1\n🔹Этажность: 18\n🔹Площадь кв.метр:60\n🔹Цена: 650$ |Депозит\n🔷Состояние:Евроремонт \nID:12319\nКомиссионные 50% от первого месяца	208	{}	{}	{#Алмазарский}	{}	2025-12-21 15:07:12+05	2025-12-21 20:07:15.804238+05	2025-12-21 20:07:15.804238+05	f	\N	be3a5df9c92f3dc679dd6b73bcea425e0ea452c9d2c135b3fd5cecd580134f08	f7e3f682dafacd91b8a8c635c248e015	\N
62	album:-1002229197607:56927	6	56927	14130637384881634	#Алмазарский район,ЖК Almazara-City\n🔹Тип дома:Новостройка \n🔹Кол-во комнат: 2\n🔹Этаж: 1\n🔹Этажность: 18\n🔹Площадь кв.метр:60\n🔹Цена: 650$ |Депозит\n🔷Состояние:Евроремонт \nID:12397\nКомиссионные 50% от первого месяца	208	{}	{}	{#Алмазарский}	{}	2025-12-21 15:07:53+05	2025-12-21 20:07:57.38503+05	2025-12-21 20:07:57.38503+05	f	\N	b1fd244346c4d91811c626aa1d6d89677c7ec77d77018502f4ed1299f89694c1	9133881e1d88bdcb703d2df1cd1b642c	\N
63	album:-1002229197607:56936	6	56936	14130638691890274	#Юнусабадский район,11-квартал\nОр-р Мегапланет\n🔹Тип дома:Вторичный фонд\n🔹Кол-во комнат: 2\n🔹Этаж: 3\n🔹Этажность: 9\n🔹Площадь кв.метр:60\n🔹Цена: 550$|Депозит 250$\n🔷Состояние:Классический ремонт\nID:12398\nКомиссионные 50% от первого месяца	232	{}	{}	{#Юнусабадский}	{}	2025-12-21 15:10:36+05	2025-12-21 20:10:39.625969+05	2025-12-21 20:10:39.625969+05	f	\N	71261aeef4e515cf9f87869f599f67fade33413e102004d1d0e80218b35f834b	587f2abacf1ade3a14ed7e3ce4d8d373	\N
64	album:-1002229197607:56943	6	56943	14130640421891402	#Чиланзарский район,7-квартал\nОр-р Hi-Tech Мечеть\n🔹Тип дома:Вторичный фонд\n🔹Кол-во комнат: 2*3\n🔹Этаж: \n🔹Этажность: 4\n🔹Площадь кв.метр:55\n🔹Цена: 600$ \n🔷Состояние:Евроремонт \nID:12399\nКомиссионные 50% от первого месяца	216	{}	{}	{#Чиланзарский}	{}	2025-12-21 15:14:12+05	2025-12-21 20:14:15.542069+05	2025-12-21 20:14:15.542069+05	f	\N	1c2bca40802bfa7abd3cb45c39dacdd5c8f6c7e8d6a1ebad150ae6ba5489b6e1	7514ad014b896ec69894975b6f53fc39	\N
67	album:-1003030247077:206	1	206	14130947965772538	•Аренда:\n- Ашхабад парк, Ташсельмаш, метро Машиносозлар.\n- 2 комнатная, 2 этаж, 5 этажный дом, новый ремонт, мебель и техника, интернет, цена: 650$\n------------------------------------\n✏️ Telegram 👉 @dom_vsem_uz\n------------------------------------\n☎️  +99890-917-30-03\n------------------------------------\n📞  +99890-345-48-46\n------------------------------------\nВарианты квартир канал ⬇️\nhttps://t.me/kvartira_dom_arenda	422	{+998909173003,+998903454846}	{tps://t.me/kvartira_dom_arenda}	{}	{"dom_vsem_uz\n"}	2025-12-22 01:54:55+05	2025-12-22 06:54:57.510698+05	2025-12-22 06:54:57.510698+05	f	\N	50a1251fc1fdb9205144499bf9a60fe578e74373cb510bb4c8f021fa9e38b454	9f744a8d59305d0ce2b184184170aa79	\N
71	album:-1003030247077:250	1	250	14136284029610266	•Аренда:\n- Ташсельмаш, парк Ашхабад.\n- 2 комнатная, 3 этаж, 5 этажный дом, хороший ремонт, мебель и техника, интернет, цена: 400$\n------------------------------------\n✏️ Telegram 👉 @dom_vsem_uz\n------------------------------------\n☎️  +99890-917-30-03\n------------------------------------\n📞  +99890-345-48-46\n------------------------------------\nВарианты квартир канал ⬇️\nhttps://t.me/kvartira_dom_arenda	404	{+998909173003,+998903454846}	{tps://t.me/kvartira_dom_arenda}	{}	{"dom_vsem_uz\n"}	2025-12-30 00:11:43+05	2025-12-30 00:11:47.171649+05	2025-12-30 00:11:47.171649+05	f	\N	2b6100b0d659e974cfb14c810d8ef6acc93d072e8612c081153a614408b07cdc	14d62ca4ee53772d9a5f18fbb2e6f19f	\N
72	msg:-1003030247077:251	1	251	\N	•Аренда:\n- Бектемирский район, Водник.\n- 2 комнатная, 8 этаж, 12 этажный дом, новостройка, мебель и техника, интернет, цена: 400$\n------------------------------------\n✏️ Telegram 👉 @dom_vsem_uz\n------------------------------------\n☎️  +99890-917-30-03\n------------------------------------\n📞  +99890-345-48-46\n------------------------------------\nВарианты квартир канал ⬇️\nhttps://t.me/kvartira_dom_arenda	404	{+998909173003,+998903454846}	{tps://t.me/kvartira_dom_arenda}	{}	{"dom_vsem_uz\n"}	2025-12-30 00:12:11+05	2025-12-30 00:12:12.273393+05	2025-12-30 00:12:12.273393+05	f	\N	8b1a73aad58304ea973dde9df6a1ddffce4eefe03ae699fb74a0a0d6074a9421	330df8a272ae4edf8634e3fcb7fa0f7d	\N
73	album:-1003030247077:253	1	253	14136284491443410	•Аренда:\n- Яккасарайский район, близко к парк Бобура.\n- 1 комнатная переделанная в 2 комнатную, 10 этаж, 10 этажный дом, новостройка, мебель и техника, интернет, цена: 850$\n------------------------------------\n✏️ Telegram 👉 @dom_vsem_uz\n------------------------------------\n☎️  +99890-917-30-03\n------------------------------------\n📞  +99890-345-48-46\n------------------------------------\nВарианты квартир канал ⬇️\nhttps://t.me/kvartira_dom_arenda	447	{+998909173003,+998903454846}	{tps://t.me/kvartira_dom_arenda}	{}	{"dom_vsem_uz\n"}	2025-12-30 00:12:41+05	2025-12-30 00:12:43.129717+05	2025-12-30 00:12:43.129717+05	f	\N	8b91c31e3d110d20c90bf967b20d3ddb06f49b8c48b699f2aa5cb86e98be0975	57f06700e6e515deee205c53b57623fe	\N
74	album:-1003030247077:258	1	258	14137466000506418	🔥Карасу 6 🔥\n\n\n\n🔴1/3/4🔴\n\nСемья \nПары \n\n                                                                                                                                                                      💰Цена : 250$\n\nПодать заявку на просмотр : @Aronofff\n\n\n(Комиссия риелтора)\n📱917831726 \n\n#1407	296	{+998917831726}	{https://t.me/Aronofff}	{}	{}	2025-12-31 17:14:10+05	2025-12-31 17:14:58.27208+05	2025-12-31 17:14:58.27208+05	f	\N	aa1e751d6daac52ac74c1853cffe335953765c4adbb3f7b3acf8d2edf5a2c58c	8249595ec22ab6cd6d72257a0cc27280	\N
75	album:-1003030247077:263	1	263	14137466153964642	🔥Карасу 6 🔥\n\n\n\n🔴1/3/4🔴\n\nСемья \nПары \n\n                                                                                                                                                                      💰Цена : 250$\n\nПодать заявку на просмотр : @Aronofff\n\n\n(Комиссия риелтора)\n📱917831726 \n\n#1407	296	{+998917831726}	{https://t.me/Aronofff}	{}	{}	2025-12-31 17:14:29+05	2025-12-31 17:15:15.810052+05	2025-12-31 17:15:15.810052+05	f	\N	aa1e751d6daac52ac74c1853cffe335953765c4adbb3f7b3acf8d2edf5a2c58c	8249595ec22ab6cd6d72257a0cc27280	74
76	msg:-1002002705045:71519	8	71519	\N	Окончательно 650$ 🔥🔥🔥	21	{}	{}	{}	{}	2026-01-01 18:05:49+05	2026-01-01 18:05:59.674045+05	2026-01-01 18:05:59.674045+05	f	\N	4b7fa392430f8f10bd4a6e2cdc63b75f25e52512a11476b3ad37d63bbf1189d3	cf57409147a521c2fd88cab2303fa1b8	\N
77	album:-1001535136862:12261	4	12261	14138196941944034		0	{}	{}	{}	{}	2026-01-01 18:36:57+05	2026-01-01 18:37:00.932236+05	2026-01-01 18:37:00.932236+05	f	\N	\N	b99834bc19bbad24580b3adfa04fb947	\N
78	album:-1001590145478:12632	7	12632	14138196944249490		0	{}	{}	{}	{}	2026-01-01 18:36:58+05	2026-01-01 18:37:01.676833+05	2026-01-01 18:37:01.676833+05	f	\N	\N	b99834bc19bbad24580b3adfa04fb947	\N
79	msg:-1002229197607:57823	6	57823	\N	#Мирзо-Улугбекский район,Дархан\n🔹Тип дома:Новостройка \n🔹Кол-во комнат: 1\n🔹Этаж: 4\n🔹Этажность: 12\n🔹Площадь кв.метр:30\n🔹Цена:600 $ |Депозит\n🔷Состояние:Евроремонт \nID:12500\nКомиссионные 50% от первого месяца	204	{}	{}	{#Мирзо}	{}	2026-01-01 18:37:58+05	2026-01-01 18:37:58.521173+05	2026-01-01 18:37:58.521173+05	f	\N	a060cb701df1b12d14cc4938f498843c9a7dca91ccd3bf399b49dd144d9d8710	4a4e8aee406760811ee14b3c84ed1124	\N
80	album:-1002229197607:57824	6	57824	14138197826785898	#Мирзо-Улугбекский район,Дархан \n🔹Тип дома:Новостройка \n🔹Кол-во комнат: 1\n🔹Этаж: 8\n🔹Этажность: 12\n🔹Площадь кв.метр:30\n🔹Цена: 600$ |Депозит\n🔷Состояние:Евроремонт \nID:12500\nКомиссионные 50% от первого месяца	205	{}	{}	{#Мирзо}	{}	2026-01-01 18:38:48+05	2026-01-01 18:38:52.115165+05	2026-01-01 18:38:52.115165+05	f	\N	70718c962a48c1111f8f74837350372990a36680efb9e1b06cfb39ad8ebba1be	216702d5b15c1c1863588a75dfcc541e	\N
81	album:-1001353416773:100076	3	100076	14138198199984786		0	{}	{}	{}	{}	2026-01-01 18:39:35+05	2026-01-01 18:39:43.24582+05	2026-01-01 18:39:43.24582+05	f	\N	\N	b99834bc19bbad24580b3adfa04fb947	\N
82	album:-1001353416773:100083	3	100083	14138198457197034	🟣Юнусабадский район\n     Новостройка \n    ЖК Казахстан \n     \n📍Ориентир: Алайский рынок, Метро Минор\n\nУдобное расположение! \nКвартира полностью оснащена мебелью и техникой для комфортного проживания.\n\n🔸Комнат: 2\n🔸Этаж: 9\n🔸Этажей в доме: 10\n🔸Общая площадь: 65 м²\n\n🔸Охраняемый двор\n🔸Детская площадка \n🔸Множество мест для хранения\n\nЦена: 11 855 000 сум (1000)\n\nРегистрация иностранных граждан/ договор аренды\n\n📝Каталог с вариантами\n\n🔵Написать сообщение \n\n🔗@Tasha16 | +9989032573088	478	{+998903257308}	{https://t.me/@Tasha16,https://t.me/NataHomeUz}	{}	{99890325}	2026-01-01 18:40:07+05	2026-01-01 18:40:14.863442+05	2026-01-01 18:40:14.863442+05	f	\N	cd791226fced22360700a590c013e41d367aa10284169e7ccc68dfe4f574817f	c121cf4c21097f995cc863c9fa3a1093	\N
83	album:-1002229197607:57831	6	57831	14138200007839778	#Мирзо-Улугбекский район,Центр -Эндокринологии\nУл.Машъал\n🔹Тип дома:Частный дом(Участок)\n🔹Кол-во комнат: \n🔹Этаж: 1\n🔹Этажность: 1\n🔹Площадь кв.метр:45\n🔹Цена: 350$ \n🔷Состояние:Классический ремонт \nID:12500\nКомиссионные 50% от первого месяца	236	{}	{}	{#Мирзо}	{}	2026-01-01 18:43:21+05	2026-01-01 18:43:26.611715+05	2026-01-01 18:43:26.611715+05	f	\N	3a7d5a8a4788426effa057414a2396d1bc5d7be3b008c251eb2e30864bbe3036	f39ab7c06621b13c10f28caa87cd253b	\N
84	album:-1002229197607:57838	6	57838	14138200875059658	#Мирабадский район,Ул.Садык Азимова\n🔹Тип дома:Вторичный фонд\n🔹Кол-во комнат: 2\n🔹Этаж: 4\n🔹Этажность: 5\n🔹Площадь кв.метр:60\n🔹Цена:700 $ \n🔷Состояние:Классический Евроремонт \nID:12500\nКомиссионные 50% от первого месяца	214	{}	{}	{#Мирабадский}	{}	2026-01-01 18:45:09+05	2026-01-01 18:45:13.459558+05	2026-01-01 18:45:13.459558+05	f	\N	7e2e0b6024c13d82851d2e45272ef74145131cb2fca9264f001bcacd52a204b6	03234335319a2a1b25bad10be3ef5290	\N
85	album:-1002229197607:57846	6	57846	14138201499974050	#Мирабадский район,Ул.Нукус\nОр-р Быв.Бутик Гламур\n🔹Тип дома:Вторичный фонд\n🔹Кол-во комнат: 1\n🔹Этаж: 2\n🔹Этажность: 9\n🔹Площадь кв.метр:45\n🔹Цена: 550$ \n🔷Состояние:Евроремонт \nID:12500\nКомиссионные 50% от первого месяца	215	{}	{}	{#Мирабадский}	{}	2026-01-01 18:46:27+05	2026-01-01 18:46:31.999575+05	2026-01-01 18:46:31.999575+05	f	\N	cc8299a22f58e20906bd304e0df7c5ad4783909c37422263e9c2b672aada1d19	4163a2b6c476f6a10112505923f4a354	\N
87	album:-1002229197607:57856	6	57856	14138203105414394	#Яккасарайский район,Глинка\n🔹Тип дома:Частный дом(Участок)\n🔹Кол-во комнат: 1\n🔹Этаж: 1\n🔹Этажность: 1\n🔹Площадь кв.метр:45\n🔹Цена: 350$ \n🔷Состояние:Классический ремонт \nID:12500\nКомиссионные 50% от первого месяца	208	{}	{}	{#Яккасарайский}	{}	2026-01-01 18:49:48+05	2026-01-01 18:49:51.882778+05	2026-01-01 18:49:51.882778+05	f	\N	daa3789525886346e62cc06f2f52d35a08e480de08d2916a885056c05028fd65	6a30ee170b0d6945ba203cd8d9e40bf1	\N
88	album:-1002229197607:57864	6	57864	14138204565004450	#Юнусабадский район,Ц-5\nОр-р Монумент Мужества \n🔹Тип дома:Вторичный фонд \n🔹Кол-во комнат: 1*2\n🔹Этаж: 3\n🔹Этажность: 4\n🔹Площадь кв.метр:40\n🔹Цена: 800$ |Депозит 800$\n🔷Состояние:Новый ремонт \nID:12498\nКомиссионные 50% от первого месяца	231	{}	{}	{#Юнусабадский}	{}	2026-01-01 18:52:50+05	2026-01-01 18:52:55.64151+05	2026-01-01 18:52:55.64151+05	f	\N	84df3885d6a5a739d4f1c9944db5ef7cbc87b149b662219faaa1cea3d98574b8	b950df1ed441e5450ac1a6386b3f8675	\N
89	album:-1002229197607:57874	6	57874	14138205182016154	#Мирабадский район,Метро Ойбек\n🔹Тип дома:Вторичный фонд\n🔹Кол-во комнат: 3\n🔹Этаж: 9\n🔹Этажность: 9\n🔹Площадь кв.метр:75\n🔹Цена: 800$ |Депозит\n🔷Состояние:Евроремонт \nID:12498\nКомиссионные 50% от первого месяца	204	{}	{}	{#Мирабадский}	{}	2026-01-01 18:54:07+05	2026-01-01 18:54:13.551615+05	2026-01-01 18:54:13.551615+05	f	\N	3877152fb5fa6e475affb1b6037fe6b03bc67a0410988bbef88356ef0c424e76	91c280bb42c1295fa9940267c879f954	\N
86	album:-1002002705045:71520	8	71520	14138196956167106	Вторичка\nЯккасарайский район \n\nул. Самарканд \nориентир метро Космонавтов, выставочный зал\n\nНовый ремонт, с мебелью, техникой \nКомнат:2\nЭтаж:1\nЭтажность:4\nПлощадь — 52 \n\nЦена:800 \n\n📨 Написать можно  сюда\n\n🔑 Наш канал            @arendareal\n\n📩    @misstashkent_rieltor\n\n📱+998973024455⭐️	284	{+998973024455}	{http://t.me/arendareal,http://t.me/misstashkent_rieltor}	{}	{"sstashkent_rieltor\n\n📱","rendareal\n\n"}	2026-01-01 18:36:59+05	2026-01-01 18:48:58.44953+05	2026-01-01 18:48:58.44953+05	f	\N	9eaae9bae8bd02ba1242bfcc55fc8c9e60a26bc70fd209a4711184f31a79fa9c	c5c996049673b8162e28590f0244e093	\N
90	album:-1002229197607:57882	6	57882	14138206769382466	#Юнусабадский район,Ц-6\nОр-р напротив ресторана На Небе/Лали\n🔹Тип дома:Вторичный фонд(Нежилое)\n🔹Кол-во комнат: 1\n🔹Этаж: 1\n🔹Этажность: 5\n🔹Площадь кв.метр:15\n🔹Цена: 600$ \n🔷Состояние:Евроремонт \nID:12498\nКомиссионные 50% от первого месяца	235	{}	{}	{#Юнусабадский}	{}	2026-01-01 18:57:26+05	2026-01-01 18:57:28.208167+05	2026-01-01 18:57:28.208167+05	f	\N	3c76aea3b4398896949e319c503466a32ba8b030486587210c86a4f1554224fa	0eeb1f82d81aeb47cbd88561ee1168b0	\N
\.


--
-- Data for Name: deletion_log; Type: TABLE DATA; Schema: public; Owner: postgres
--

COPY public.deletion_log (id, post_id, channel_id, message_id, detected_at, lifetime_hours) FROM stdin;
\.


--
-- Data for Name: districts; Type: TABLE DATA; Schema: public; Owner: postgres
--

COPY public.districts (id, name_ru, name_uz, city, aliases, center_lat, center_lng) FROM stdin;
1	Алмазарский район	Olmazor tumani	Ташкент	{Алмазар,Olmazor}	\N	\N
2	Бектемирский район	Bektemir tumani	Ташкент	{Бектемир,Bektemir}	\N	\N
3	Мирабадский район	Mirobod tumani	Ташкент	{Мирабад,Mirobod}	\N	\N
4	Мирзо-Улугбекский район	Mirzo Ulugbek tumani	Ташкент	{Мирзо-Улугбек,"Mirzo Ulugbek"}	\N	\N
5	Сергелийский район	Sergeli tumani	Ташкент	{Сергели,Sergeli}	\N	\N
6	Учтепинский район	Uchtepa tumani	Ташкент	{Учтепа,Uchtepa}	\N	\N
7	Чиланзарский район	Chilonzor tumani	Ташкент	{Чиланзар,Chilonzor}	\N	\N
8	Шайхантаурский район	Shayxontohur tumani	Ташкент	{Шайхантаур,Shayxontohur}	\N	\N
9	Юнусабадский район	Yunusobod tumani	Ташкент	{Юнусабад,Yunusobod}	\N	\N
10	Яккасарайский район	Yakkasaroy tumani	Ташкент	{Яккасарай,Yakkasaroy}	\N	\N
11	Яшнабадский район	Yashnobod tumani	Ташкент	{Яшнабад,Yashnobod}	\N	\N
\.


--
-- Data for Name: duplicates; Type: TABLE DATA; Schema: public; Owner: postgres
--

COPY public.duplicates (id, original_id, duplicate_id, similarity, match_type, created_at) FROM stdin;
1	67	71	0.7000	phone	2025-12-30 00:11:47.171649+05
2	67	72	0.7000	phone	2025-12-30 00:12:12.273393+05
3	71	72	0.7000	phone	2025-12-30 00:12:12.273393+05
4	67	73	0.7000	phone	2025-12-30 00:12:43.129717+05
5	71	73	0.7000	phone	2025-12-30 00:12:43.129717+05
6	72	73	0.7000	phone	2025-12-30 00:12:43.129717+05
7	74	75	1.0000	text_exact	2025-12-31 17:15:15.810052+05
8	12	82	0.7000	phone	2026-01-01 18:40:14.863442+05
\.


--
-- Data for Name: listings; Type: TABLE DATA; Schema: public; Owner: postgres
--

COPY public.listings (id, post_id, is_real_estate, deal_type, object_type, rooms, rooms_options, floor, total_floors, area_m2, price, currency, price_period, deposit, has_commission, district_raw, metro_raw, address_raw, district_id, metro_id, latitude, longitude, has_furniture, has_appliances, has_internet, has_parking, has_conditioner, contact_phone, contact_name, contact_tg, is_agent, parse_score, needs_review, created_at, updated_at, landmark, min_period_months, utilities_included, no_deposit, condition, house_type, has_washing_machine, has_refrigerator, has_balcony, pets_allowed, kids_allowed, description_clean) FROM stdin;
1	1	t	rent_long	flat	1	\N	3	4	\N	650.00	usd	month	\N	t	Мирабадский район	Ойбек Ор-р Точка вкуса 🔹Тип дома:Вторичный фонд 🔹Кол-во комнат: 1 🔹Этаж: 3 🔹Этажность: 4 🔹Площадь кв.метр:35 🔹Цена: 650$|Депозит|Предоплата 🔷Состояние:Новый ремонт ID:11355 Комиссионные 50% от первого месяца	\N	\N	\N	\N	\N	\N	\N	\N	\N	\N	\N	\N	\N	\N	85	f	2025-11-29 20:52:01.764425+05	2025-11-29 20:52:01.764425+05	\N	\N	\N	f	\N	\N	\N	\N	\N	\N	\N	\N
2	2	t	rent_long	house	\N	\N	\N	\N	\N	720.00	usd	month	\N	f	\N	\N	\N	\N	\N	\N	\N	\N	\N	\N	\N	\N	\N	\N	\N	\N	45	f	2025-11-29 21:19:02.725784+05	2025-11-29 21:19:02.725784+05	\N	\N	\N	f	\N	\N	\N	\N	\N	\N	\N	\N
7	8	t	unknown	flat	2	\N	7	9	60.00	\N	\N	\N	\N	f	Мирабадский район	\N	\N	\N	\N	\N	\N	\N	\N	\N	\N	\N	\N	\N	\N	\N	65	f	2025-11-29 22:41:21.886834+05	2025-11-29 22:41:21.886834+05	\N	\N	\N	f	\N	\N	\N	\N	\N	\N	\N	\N
9	12	t	unknown	flat	2	\N	11	12	70.00	17850000.00	uzs	total	\N	f	Мирабадский район	Айбек	\N	\N	\N	\N	\N	\N	\N	\N	\N	\N	\N	\N	\N	\N	85	f	2025-11-29 22:59:02.606355+05	2025-11-29 22:59:02.606355+05	\N	\N	\N	f	\N	\N	\N	\N	\N	\N	\N	\N
29	35	t	rent_long	flat	2	\N	8	10	63.00	1000.00	usd	month	\N	f	\N	\N	\N	\N	\N	\N	\N	\N	\N	\N	\N	\N	\N	\N	\N	\N	85	f	2025-12-21 17:47:29.704715+05	2025-12-21 17:47:29.704715+05	\N	\N	\N	f	\N	\N	\N	\N	\N	\N	\N	\N
30	36	t	rent_long	flat	2	\N	3	5	\N	600.00	usd	month	\N	t	Юнусабадский район	\N	\N	\N	\N	\N	\N	\N	\N	\N	\N	\N	\N	\N	\N	\N	85	f	2025-12-21 18:48:43.407219+05	2025-12-21 18:48:43.407219+05	\N	\N	\N	f	\N	\N	\N	\N	\N	\N	\N	\N
31	37	t	rent_long	flat	2	\N	13	16	\N	650.00	usd	month	\N	t	Юнусабадский район	\N	\N	\N	\N	\N	\N	\N	\N	\N	\N	\N	\N	\N	\N	\N	85	f	2025-12-21 18:52:19.747869+05	2025-12-21 18:52:19.747869+05	\N	\N	\N	f	\N	\N	\N	\N	\N	\N	\N	\N
33	41	t	rent_long	flat	2	\N	6	8	\N	750.00	usd	month	\N	t	Улугбекский	\N	\N	\N	\N	\N	\N	f	f	f	f	f	\N	\N	\N	\N	5	f	2025-12-21 19:05:05.953952+05	2025-12-21 19:05:05.953952+05	\N	\N	\N	f	\N	Новостройка	f	f	f	f	f	
34	42	t	rent_long	flat	3	\N	3	3	\N	600.00	usd	month	\N	t	Яшнабадский	Дустлик	\N	\N	\N	\N	\N	f	f	f	f	f	\N	\N	\N	\N	6	f	2025-12-21 19:05:20.562632+05	2025-12-21 19:05:20.562632+05	\N	\N	\N	f	Евроремонт	Новостройка	f	f	f	f	f	
35	43	t	rent_long	flat	1	\N	3	4	\N	500.00	usd	month	\N	t	Юнусабадский	\N	\N	\N	\N	\N	\N	f	f	f	f	f	\N	\N	\N	\N	5	f	2025-12-21 19:05:30.898708+05	2025-12-21 19:05:30.898708+05	Паспортный стол 🔹Тип дома:Новостройка 🔹Кол-во комнат: 1 🔹Этаж: 3 🔹Этажность: 4 🔹Площадь кв.метр:30 🔹Цена: 500$|Торг 🔷Состояние:Евроремонт ID:11424 Комиссионные 50% от первого месяца	\N	\N	f	Евроремонт	Новостройка	f	f	f	f	f	
36	44	t	rent_long	flat	1	\N	2	16	\N	500.00	usd	month	\N	t	Юнусабадский	\N	\N	\N	\N	\N	\N	f	f	f	f	f	\N	\N	\N	\N	5	f	2025-12-21 19:09:10.933456+05	2025-12-21 19:09:10.933456+05	Учкахрамон(бетонка) ЖК Xonsaroy Ocean 🔹Тип дома:Новостройка 🔹Кол-во комнат: 1 🔹Этаж: 2 🔹Этажность: 16 🔹Площадь кв.метр:40 🔹Цена: 500$ 🔷Состояние:Евро-Люкс ID:11421 Комиссионные 50% от первого месяца	\N	\N	f	\N	Новостройка	f	f	f	f	f	
37	45	t	rent_long	flat	2	\N	13	16	\N	700.00	usd	month	300.00	t	Юнусабадский	\N	\N	\N	\N	\N	\N	f	f	f	f	f	\N	\N	\N	\N	6	f	2025-12-21 19:09:21.666949+05	2025-12-21 19:09:21.666949+05	Посольство Америки ЖК Xonsaroy Parliament 🔹Тип дома:Новостройка 🔹Кол-во комнат: 2 🔹Этаж: 13 🔹Этажность: 16 🔹Площадь кв.метр:50 🔹Цена: 700$ |Депозит 300$ 🔷Состояние:Евро-Люкс ID:12386 Комиссионные 50% от первого месяца	\N	\N	f	\N	Новостройка	f	f	f	f	f	ЖК Xonsaroy Parliament
38	46	t	rent_long	flat	2	\N	3	4	\N	600.00	usd	month	\N	t	Юнусабадский	Шахристан	\N	\N	\N	\N	\N	f	f	f	f	f	\N	\N	\N	\N	6	f	2025-12-21 19:09:31.947836+05	2025-12-21 19:09:31.947836+05	\N	\N	\N	f	Евроремонт	Вторичн	f	f	f	f	f	
39	47	t	rent_long	flat	2	\N	3	4	\N	500.00	usd	month	\N	t	Улугбекский	\N	\N	\N	\N	\N	\N	f	f	f	f	f	\N	\N	\N	\N	6	f	2025-12-21 19:12:59.734482+05	2025-12-21 19:12:59.734482+05	\N	\N	\N	f	\N	Вторичн	f	f	f	f	f	Парк Локомотив /Институт Культуры
40	48	t	rent_long	flat	2	\N	2	10	\N	650.00	usd	month	\N	t	Юнусабадский	\N	\N	\N	\N	\N	\N	f	f	f	f	f	\N	\N	\N	\N	5	f	2025-12-21 19:16:24.59947+05	2025-12-21 19:16:24.59947+05	\N	\N	\N	f	Новый ремонт	Новостройка	f	f	f	f	f	
43	51	t	rent_long	flat	2	\N	15	18	\N	600.00	usd	month	\N	t	Улугбекский	Хамида	\N	\N	\N	\N	\N	f	f	f	f	f	\N	\N	\N	\N	6	f	2025-12-21 19:41:35.072517+05	2025-12-21 19:41:35.072517+05	Высотки 🔹Тип дома:Вторичный фонд 🔹Кол-во комнат: 2 🔹Этаж: 15 🔹Этажность: 18 🔹Площадь кв.метр:70 🔹Цена: 600$ 🔷Состояние:Классический ремонт ID:12387 Комиссионные 50% от первого месяца	\N	\N	f	\N	Вторичн	f	f	f	f	f	
44	52	t	rent_long	flat	2	\N	5	8	\N	500.00	usd	month	\N	t	Улугбекский	\N	\N	\N	\N	\N	\N	t	f	f	f	f	\N	\N	\N	\N	5	f	2025-12-21 19:46:44.249728+05	2025-12-21 19:46:44.249728+05	не доезжая рынка А.Югнакий/Мебельный 🔹Тип дома:Новостройка 🔹Кол-во комнат: 2 🔹Этаж: 5 🔹Этажность: 8 🔹Площадь кв.метр:42 🔹Цена: 500$ 🔷Состояние:Новостройка ID:12388 Комиссионные 50% от первого месяца	\N	\N	f	\N	Новостройка	f	f	f	f	f	
45	53	t	rent_long	flat	1	\N	6	9	\N	450.00	usd	month	\N	t	Яшнабадский	\N	\N	\N	\N	\N	\N	f	f	f	f	f	\N	\N	\N	\N	5	f	2025-12-21 19:51:51.125329+05	2025-12-21 19:51:51.125329+05	\N	\N	\N	f	Евроремонт	Новостройка	f	f	f	f	f	
46	54	t	rent_long	flat	2	\N	\N	14	\N	600.00	usd	month	\N	t	Яшнабадский	\N	\N	\N	\N	\N	\N	f	f	f	f	f	\N	\N	\N	\N	4	f	2025-12-21 19:53:49.283018+05	2025-12-21 19:53:49.283018+05	\N	\N	\N	f	Евроремонт	Новостройка	f	f	f	f	f	
47	55	t	rent_long	flat	2	\N	1	5	\N	550.00	usd	month	\N	t	Шайхантахурский	\N	\N	\N	\N	\N	\N	f	f	f	f	f	\N	\N	\N	\N	6	f	2025-12-21 19:56:55.276746+05	2025-12-21 19:56:55.276746+05	\N	\N	\N	f	\N	Вторичн	f	f	f	f	f	Можно студентам до 4-5 чел
48	56	t	rent_long	flat	1	\N	5	16	\N	600.00	usd	month	\N	t	Шайхантахурский	\N	\N	\N	\N	\N	\N	f	f	f	f	f	\N	\N	\N	\N	6	f	2025-12-21 19:59:02.515909+05	2025-12-21 19:59:02.515909+05	\N	\N	\N	f	Евроремонт	Новостройка	f	f	f	f	f	Дружба Народов/Коратош
49	57	t	rent_long	flat	\N	\N	\N	\N	\N	350.00	usd	month	\N	t	\N	\N	\N	\N	\N	\N	\N	f	f	f	f	t	+998937576775	\N	\N	\N	4	f	2025-12-21 20:00:03.962091+05	2025-12-21 20:00:03.962091+05	\N	\N	\N	f	\N	\N	f	f	f	f	f	АРЕНДА НЕ ДЛЯ РИЕЛТОРОВ, БЕЗ МАКЛЕРА И БЕЗ ПОСРЕДНИКОВ !!!\nIJARAGA KVARTIRA ✅\nTARTIBLI INSONLARGA ✅\nManzil: MIRZO ULUG'BEK TUMANI, QORASUV-6, AVAYXON KO'CHASI\nMo'ljal: OLTIN TEPA MASJIDI YONIDA, BUYUK IPAK YO'LI METRO 🚊 7 MINUT 🚘 YO'L\nXonalar soni: 1 XONA 3/3\nSharoiti: KIRMOSHINA, KONDITSIONER, MUZLATGICH, TELEVIZOR, GILAMLAR MAVJUD\nSharti: OZODA VA POKIZA INSONLARGA BERILADI\nTel.: 📞 EGASI ✅\nE'LON BERISH👉 Kanallarga | Guruhlarga\nKANALLARIMIZGA QO'SHILISH\nGURUHLARIMIZGA QO'SHILISH
51	59	t	rent_long	flat	1	\N	8	9	\N	800.00	usd	month	\N	t	Яккасарайский	\N	\N	\N	\N	\N	\N	f	f	f	f	f	\N	\N	\N	\N	5	f	2025-12-21 20:01:13.888146+05	2025-12-21 20:01:13.888146+05	\N	\N	\N	f	Евроремонт	Новостройка	f	f	f	f	f	
52	60	t	rent_long	flat	1	\N	4	13	\N	700.00	usd	month	\N	t	Улугбекский	\N	\N	\N	\N	\N	\N	f	f	f	f	f	\N	\N	\N	\N	6	f	2025-12-21 20:06:43.857998+05	2025-12-21 20:06:43.857998+05	завод Crafers/Лакокраска ЖК Ozmahal (Golden House) 🔹Тип дома:Новостройка 🔹Кол-во комнат: 1 🔹Этаж: 4 🔹Этажность: 13 🔹Площадь кв.метр:46 🔹Цена: 700$ |Торг 🔷Состояние:Новый ремонт ID:12395 Комиссионные 50% от первого месяца	\N	\N	f	Новый ремонт	Новостройка	f	f	f	f	f	ЖК Ozmahal (Golden House)
53	61	t	rent_long	flat	2	\N	1	18	\N	650.00	usd	month	\N	t	Алмазарский	\N	\N	\N	\N	\N	\N	f	f	f	f	f	\N	\N	\N	\N	5	f	2025-12-21 20:07:15.804238+05	2025-12-21 20:07:15.804238+05	\N	\N	\N	f	Евроремонт	Новостройка	f	f	f	f	f	
54	62	t	rent_long	flat	2	\N	1	18	\N	650.00	usd	month	\N	t	Алмазарский	\N	\N	\N	\N	\N	\N	f	f	f	f	f	\N	\N	\N	\N	5	f	2025-12-21 20:07:57.38503+05	2025-12-21 20:07:57.38503+05	\N	\N	\N	f	Евроремонт	Новостройка	f	f	f	f	f	
55	63	t	rent_long	flat	2	\N	3	9	\N	550.00	usd	month	250.00	t	Юнусабадский	\N	\N	\N	\N	\N	\N	f	f	f	f	f	\N	\N	\N	\N	5	f	2025-12-21 20:10:39.625969+05	2025-12-21 20:10:39.625969+05	Мегапланет 🔹Тип дома:Вторичный фонд 🔹Кол-во комнат: 2 🔹Этаж: 3 🔹Этажность: 9 🔹Площадь кв.метр:60 🔹Цена: 550$|Депозит 250$ 🔷Состояние:Классический ремонт ID:12398 Комиссионные 50% от первого месяца	\N	\N	f	\N	Вторичн	f	f	f	f	f	
56	64	t	rent_long	flat	2	\N	\N	4	\N	600.00	usd	month	\N	t	Чиланзарский	\N	\N	\N	\N	\N	\N	f	f	f	f	f	\N	\N	\N	\N	4	f	2025-12-21 20:14:15.542069+05	2025-12-21 20:14:15.542069+05	Hi-Tech Мечеть 🔹Тип дома:Вторичный фонд 🔹Кол-во комнат: 2*3 🔹Этаж: 🔹Этажность: 4 🔹Площадь кв.метр:55 🔹Цена: 600$ 🔷Состояние:Евроремонт ID:12399 Комиссионные 50% от первого месяца	\N	\N	f	Евроремонт	Вторичн	f	f	f	f	f	
59	67	t	rent_long	flat	2	\N	2	5	\N	650.00	usd	month	\N	f	\N	Машиносозлар	\N	\N	\N	\N	\N	t	f	t	f	f	+998909173003	\N	\N	\N	7	f	2025-12-22 06:54:57.510698+05	2025-12-22 06:54:57.510698+05	\N	\N	\N	f	новый ремонт	\N	f	f	f	f	f	- Ашхабад парк, Ташсельмаш, .\n- 2 комнатная, 2 этаж, 5 этажный дом, новый ремонт, мебель и техника, интернет,\n☎️  📞  Варианты квартир канал ⬇️
63	71	t	rent_long	house	2	\N	3	5	\N	400.00	usd	month	\N	f	\N	\N	\N	\N	\N	\N	\N	t	f	t	\N	f	+998909173003	\N	\N	\N	6	f	2025-12-30 00:11:47.171649+05	2025-12-30 00:11:47.171649+05	\N	\N	\N	f	хороший ремонт	\N	f	f	f	\N	\N	- Ташсельмаш, парк Ашхабад. - 2 комнатная, 3 этаж, 5 этажный дом, хороший ремонт, мебель и техника, интернет, цена: 400$ 📞 Варианты квартир канал ⬇
64	72	t	rent_long	house	2	\N	8	12	\N	400.00	usd	month	\N	f	Бектемирский	\N	\N	\N	\N	\N	\N	t	f	t	\N	f	+998909173003	\N	\N	\N	7	f	2025-12-30 00:12:12.273393+05	2025-12-30 00:12:12.273393+05	\N	\N	\N	f	\N	новостройка	f	f	f	\N	\N	- Бектемирский район, Водник. - 2 комнатная, 8 этаж, 12 этажный дом, новостройка, мебель и техника, интернет, цена: 400$ 📞 Варианты квартир канал ⬇
65	73	t	rent_long	house	1	\N	10	10	\N	850.00	usd	month	\N	f	Яккасарайский	\N	\N	\N	\N	\N	\N	t	f	t	\N	f	+998909173003	\N	\N	\N	7	f	2025-12-30 00:12:43.129717+05	2025-12-30 00:12:43.129717+05	\N	\N	\N	f	\N	новостройка	f	f	f	\N	\N	- Яккасарайский район, близко к парк Бобура. - 1 комнатная переделанная в 2 комнатную, 10 этаж, 10 этажный дом, новостройка, мебель и техника, интернет, цена: 850$ 📞 Варианты квартир канал ⬇
66	74	t	rent_long	flat	1	\N	3	4	\N	250.00	usd	month	\N	f	1407	\N	\N	\N	\N	\N	\N	f	f	f	\N	f	+998917831726	\N	\N	\N	7	f	2025-12-31 17:14:58.27208+05	2025-12-31 17:14:58.27208+05	\N	\N	\N	f	\N	\N	f	f	f	\N	\N	Подать заявку на просмотр :
67	75	t	rent_long	flat	1	\N	3	4	\N	250.00	usd	month	\N	f	1407	\N	\N	\N	\N	\N	\N	f	f	f	\N	f	+998917831726	\N	\N	\N	7	f	2025-12-31 17:15:15.810052+05	2025-12-31 17:15:15.810052+05	\N	\N	\N	f	\N	\N	f	f	f	\N	\N	Подать заявку на просмотр :
68	76	t	rent_long	flat	\N	\N	\N	\N	\N	650.00	usd	month	\N	f	\N	\N	\N	\N	\N	\N	\N	f	f	f	\N	f	\N	\N	\N	\N	2	t	2026-01-01 18:05:59.674045+05	2026-01-01 18:05:59.674045+05	\N	\N	\N	f	\N	\N	f	f	f	\N	\N	
69	79	t	rent_long	flat	1	\N	4	12	\N	600.00	usd	month	\N	t	Мирзо-Улугбекский	\N	\N	\N	\N	\N	\N	f	f	f	\N	f	\N	\N	\N	\N	6	f	2026-01-01 18:37:58.521173+05	2026-01-01 18:37:58.521173+05	\N	\N	\N	f	евроремонт	новостройка	f	f	f	\N	\N	район,Дархан Тип дома:Новостройка Кол-во комнат: 1 Площадь кв.метр:30 🔷Состояние:Евроремонт
70	80	t	rent_long	flat	1	\N	8	12	\N	600.00	usd	month	\N	t	Мирзо-Улугбекский	\N	\N	\N	\N	\N	\N	f	f	f	\N	f	\N	\N	\N	\N	6	f	2026-01-01 18:38:52.115165+05	2026-01-01 18:38:52.115165+05	\N	\N	\N	f	евроремонт	новостройка	f	f	f	\N	\N	район,Дархан Тип дома:Новостройка Кол-во комнат: 1 Площадь кв.метр:30 🔷Состояние:Евроремонт
71	82	t	rent_long	flat	2	\N	9	10	65.00	11855000.00	uzs	month	\N	f	Юнусабадский	Минор	\N	\N	\N	\N	\N	t	f	f	\N	f	+998903257308	\N	\N	\N	9	f	2026-01-01 18:40:14.863442+05	2026-01-01 18:40:14.863442+05	Алайский рынок, Метро Минор	\N	\N	f	\N	новостройка	f	f	f	\N	\N	🟣Юнусабадский район Новостройка ЖК Казахстан Ориентир: Алайский рынок, Метро Минор Удобное расположение! Квартира полностью оснащена мебелью и техникой для комфортного проживания. Охраняемый двор Детская площадка Множество мест для хранения Регистрация иностранных граждан/ договор аренды Каталог с вариантами Написать сообщение
72	83	t	rent_long	house	\N	\N	1	1	\N	350.00	usd	month	\N	t	Мирзо-Улугбекский	\N	\N	\N	\N	\N	\N	f	f	f	\N	f	\N	\N	\N	\N	5	f	2026-01-01 18:43:26.611715+05	2026-01-01 18:43:26.611715+05	\N	\N	\N	f	классический ремонт	\N	f	f	f	\N	\N	район,Центр -Эндокринологии Тип дома:Частный дом(Участок) Кол-во комнат: Площадь кв.метр:45 🔷Состояние:Классический ремонт
73	84	t	rent_long	flat	2	\N	4	5	\N	700.00	usd	month	\N	t	Мирабадский	\N	\N	\N	\N	\N	\N	f	f	f	\N	f	\N	\N	\N	\N	6	f	2026-01-01 18:45:13.459558+05	2026-01-01 18:45:13.459558+05	\N	\N	\N	f	классический евроремонт	вторичка	f	f	f	\N	\N	район,Ул.Садык Азимова Тип дома:Вторичный фонд Кол-во комнат: 2 Площадь кв.метр:60 🔷Состояние:Классический Евроремонт
74	85	t	rent_long	flat	1	\N	2	9	\N	550.00	usd	month	\N	t	Мирабадский	\N	\N	\N	\N	\N	\N	f	f	f	\N	f	\N	\N	\N	\N	6	f	2026-01-01 18:46:31.999575+05	2026-01-01 18:46:31.999575+05	Быв.Бутик Гламур	\N	\N	f	евроремонт	вторичка	f	f	f	\N	\N	район,Ул.Нукус Ор-р Быв.Бутик Гламур Тип дома:Вторичный фонд Кол-во комнат: 1 Площадь кв.метр:45 🔷Состояние:Евроремонт
75	86	t	rent_long	flat	2	\N	1	4	\N	800.00	usd	month	\N	f	Яккасарайский	Космонавтлар	\N	\N	\N	\N	\N	t	f	f	\N	f	+998973024455	\N	\N	\N	8	f	2026-01-01 18:48:58.44953+05	2026-01-01 18:48:58.44953+05	метро Космонавтов, выставочный зал	\N	\N	f	новый ремонт	\N	f	f	f	\N	\N	Яккасарайский район ул. Самарканд ориентир метро Космонавтов, выставочный зал Новый ремонт, с мебелью, техникой Площадь — 52 📨 Написать можно сюда
76	87	t	rent_long	house	1	\N	1	1	\N	350.00	usd	month	\N	t	Яккасарайский	\N	\N	\N	\N	\N	\N	f	f	f	\N	f	\N	\N	\N	\N	6	f	2026-01-01 18:49:51.882778+05	2026-01-01 18:49:51.882778+05	\N	\N	\N	f	классический ремонт	\N	f	f	f	\N	\N	район,Глинка Тип дома:Частный дом(Участок) Кол-во комнат: 1 Площадь кв.метр:45 🔷Состояние:Классический ремонт
77	88	t	rent_long	flat	1	\N	3	4	\N	800.00	usd	month	800.00	t	Юнусабадский	\N	\N	\N	\N	\N	\N	f	f	f	\N	f	\N	\N	\N	\N	6	f	2026-01-01 18:52:55.64151+05	2026-01-01 18:52:55.64151+05	Монумент Мужества	\N	\N	f	новый ремонт	вторичка	f	f	f	\N	\N	Ор-р Монумент Мужества Тип дома:Вторичный фонд Кол-во комнат: 1*2 Площадь кв.метр:40 🔷Состояние:Новый ремонт
78	89	t	rent_long	flat	3	\N	9	9	\N	800.00	usd	month	\N	t	Мирабадский	Ойбек	\N	\N	\N	\N	\N	f	f	f	\N	f	\N	\N	\N	\N	7	f	2026-01-01 18:54:13.551615+05	2026-01-01 18:54:13.551615+05	\N	\N	\N	f	евроремонт	вторичка	f	f	f	\N	\N	район,Метро Ойбек Тип дома:Вторичный фонд Кол-во комнат: 3 Площадь кв.метр:75 🔷Состояние:Евроремонт
79	90	t	rent_long	flat	1	\N	1	5	\N	600.00	usd	month	\N	t	Юнусабадский	\N	\N	\N	\N	\N	\N	f	f	f	\N	f	\N	\N	\N	\N	6	f	2026-01-01 18:57:28.208167+05	2026-01-01 18:57:28.208167+05	напротив ресторана На Небе/Лали	\N	\N	f	евроремонт	вторичка	f	f	f	\N	\N	Ор-р напротив ресторана На Небе/Лали Тип дома:Вторичный фонд(Нежилое) Кол-во комнат: 1 Площадь кв.метр:15 🔷Состояние:Евроремонт
\.


--
-- Data for Name: media; Type: TABLE DATA; Schema: public; Owner: postgres
--

COPY public.media (id, post_id, message_id, media_type, local_path, remote_url, file_size, mime_type, width, height, duration_sec, phash, created_at) FROM stdin;
1	1	108	image	downloads/-1003030247077/-1003030247077_108.jpg	\N	\N	\N	\N	\N	\N	\N	2025-11-29 20:52:01.764425+05
2	1	109	image	downloads/-1003030247077/-1003030247077_109.jpg	\N	\N	\N	\N	\N	\N	\N	2025-11-29 20:52:01.764425+05
3	1	110	image	downloads/-1003030247077/-1003030247077_110.jpg	\N	\N	\N	\N	\N	\N	\N	2025-11-29 20:52:01.764425+05
4	1	111	image	downloads/-1003030247077/-1003030247077_111.jpg	\N	\N	\N	\N	\N	\N	\N	2025-11-29 20:52:01.764425+05
5	1	112	image	downloads/-1003030247077/-1003030247077_112.jpg	\N	\N	\N	\N	\N	\N	\N	2025-11-29 20:52:01.764425+05
6	1	113	image	downloads/-1003030247077/-1003030247077_113.jpg	\N	\N	\N	\N	\N	\N	\N	2025-11-29 20:52:01.764425+05
7	2	7555	image	downloads/-1001434238910/-1001434238910_7555.jpg	\N	\N	\N	\N	\N	\N	\N	2025-11-29 21:19:02.725784+05
8	2	7556	image	downloads/-1001434238910/-1001434238910_7556.jpg	\N	\N	\N	\N	\N	\N	\N	2025-11-29 21:19:02.725784+05
305	47	56840	image	downloads/-1002229197607/-1002229197607_56840.jpg	\N	\N	\N	\N	\N	\N	\N	2025-12-21 19:12:59.734482+05
10	4	94847	image	downloads/-1001353416773/-1001353416773_94847.jpg	\N	\N	\N	\N	\N	\N	\N	2025-11-29 21:35:57.647028+05
11	4	94848	image	downloads/-1001353416773/-1001353416773_94848.jpg	\N	\N	\N	\N	\N	\N	\N	2025-11-29 21:35:57.647028+05
12	4	94849	image	downloads/-1001353416773/-1001353416773_94849.jpg	\N	\N	\N	\N	\N	\N	\N	2025-11-29 21:35:57.647028+05
13	4	94850	image	downloads/-1001353416773/-1001353416773_94850.jpg	\N	\N	\N	\N	\N	\N	\N	2025-11-29 21:35:57.647028+05
14	4	94851	image	downloads/-1001353416773/-1001353416773_94851.jpg	\N	\N	\N	\N	\N	\N	\N	2025-11-29 21:35:57.647028+05
306	47	56841	image	downloads/-1002229197607/-1002229197607_56841.jpg	\N	\N	\N	\N	\N	\N	\N	2025-12-21 19:12:59.734482+05
307	47	56842	image	downloads/-1002229197607/-1002229197607_56842.jpg	\N	\N	\N	\N	\N	\N	\N	2025-12-21 19:12:59.734482+05
308	47	56843	image	downloads/-1002229197607/-1002229197607_56843.jpg	\N	\N	\N	\N	\N	\N	\N	2025-12-21 19:12:59.734482+05
309	47	56844	image	downloads/-1002229197607/-1002229197607_56844.jpg	\N	\N	\N	\N	\N	\N	\N	2025-12-21 19:12:59.734482+05
310	47	56845	image	downloads/-1002229197607/-1002229197607_56845.jpg	\N	\N	\N	\N	\N	\N	\N	2025-12-21 19:12:59.734482+05
311	47	56846	image	downloads/-1002229197607/-1002229197607_56846.jpg	\N	\N	\N	\N	\N	\N	\N	2025-12-21 19:12:59.734482+05
312	47	56847	image	downloads/-1002229197607/-1002229197607_56847.jpg	\N	\N	\N	\N	\N	\N	\N	2025-12-21 19:12:59.734482+05
22	8	94852	image	downloads/-1001353416773/-1001353416773_94852.jpg	\N	\N	\N	\N	\N	\N	\N	2025-11-29 22:41:21.886834+05
23	8	94853	image	downloads/-1001353416773/-1001353416773_94853.jpg	\N	\N	\N	\N	\N	\N	\N	2025-11-29 22:41:21.886834+05
24	8	94854	image	downloads/-1001353416773/-1001353416773_94854.jpg	\N	\N	\N	\N	\N	\N	\N	2025-11-29 22:41:21.886834+05
25	8	94855	image	downloads/-1001353416773/-1001353416773_94855.jpg	\N	\N	\N	\N	\N	\N	\N	2025-11-29 22:41:21.886834+05
26	8	94856	image	downloads/-1001353416773/-1001353416773_94856.jpg	\N	\N	\N	\N	\N	\N	\N	2025-11-29 22:41:21.886834+05
27	8	94857	image	downloads/-1001353416773/-1001353416773_94857.jpg	\N	\N	\N	\N	\N	\N	\N	2025-11-29 22:41:21.886834+05
28	8	94858	image	downloads/-1001353416773/-1001353416773_94858.jpg	\N	\N	\N	\N	\N	\N	\N	2025-11-29 22:41:21.886834+05
29	8	94859	image	downloads/-1001353416773/-1001353416773_94859.jpg	\N	\N	\N	\N	\N	\N	\N	2025-11-29 22:41:21.886834+05
30	8	94860	image	downloads/-1001353416773/-1001353416773_94860.jpg	\N	\N	\N	\N	\N	\N	\N	2025-11-29 22:41:21.886834+05
313	48	56848	image	downloads/-1002229197607/-1002229197607_56848.jpg	\N	\N	\N	\N	\N	\N	\N	2025-12-21 19:16:24.59947+05
314	48	56849	image	downloads/-1002229197607/-1002229197607_56849.jpg	\N	\N	\N	\N	\N	\N	\N	2025-12-21 19:16:24.59947+05
315	48	56850	image	downloads/-1002229197607/-1002229197607_56850.jpg	\N	\N	\N	\N	\N	\N	\N	2025-12-21 19:16:24.59947+05
316	48	56851	image	downloads/-1002229197607/-1002229197607_56851.jpg	\N	\N	\N	\N	\N	\N	\N	2025-12-21 19:16:24.59947+05
317	48	56852	image	downloads/-1002229197607/-1002229197607_56852.jpg	\N	\N	\N	\N	\N	\N	\N	2025-12-21 19:16:24.59947+05
318	48	56853	image	downloads/-1002229197607/-1002229197607_56853.jpg	\N	\N	\N	\N	\N	\N	\N	2025-12-21 19:16:24.59947+05
319	48	56854	image	downloads/-1002229197607/-1002229197607_56854.jpg	\N	\N	\N	\N	\N	\N	\N	2025-12-21 19:16:24.59947+05
320	48	56855	image	downloads/-1002229197607/-1002229197607_56855.jpg	\N	\N	\N	\N	\N	\N	\N	2025-12-21 19:16:24.59947+05
40	12	94872	image	downloads/-1001353416773/-1001353416773_94872.jpg	\N	\N	\N	\N	\N	\N	\N	2025-11-29 22:59:02.606355+05
41	12	94873	image	downloads/-1001353416773/-1001353416773_94873.jpg	\N	\N	\N	\N	\N	\N	\N	2025-11-29 22:59:02.606355+05
42	12	94874	image	downloads/-1001353416773/-1001353416773_94874.jpg	\N	\N	\N	\N	\N	\N	\N	2025-11-29 22:59:02.606355+05
43	12	94875	image	downloads/-1001353416773/-1001353416773_94875.jpg	\N	\N	\N	\N	\N	\N	\N	2025-11-29 22:59:02.606355+05
44	12	94876	image	downloads/-1001353416773/-1001353416773_94876.jpg	\N	\N	\N	\N	\N	\N	\N	2025-11-29 22:59:02.606355+05
45	12	94877	image	downloads/-1001353416773/-1001353416773_94877.jpg	\N	\N	\N	\N	\N	\N	\N	2025-11-29 22:59:02.606355+05
46	12	94878	image	downloads/-1001353416773/-1001353416773_94878.jpg	\N	\N	\N	\N	\N	\N	\N	2025-11-29 22:59:02.606355+05
47	12	94879	image	downloads/-1001353416773/-1001353416773_94879.jpg	\N	\N	\N	\N	\N	\N	\N	2025-11-29 22:59:02.606355+05
48	13	94880	image	downloads/-1001353416773/-1001353416773_94880.jpg	\N	\N	\N	\N	\N	\N	\N	2025-11-29 23:02:30.057459+05
49	13	94881	image	downloads/-1001353416773/-1001353416773_94881.jpg	\N	\N	\N	\N	\N	\N	\N	2025-11-29 23:02:30.057459+05
50	13	94882	image	downloads/-1001353416773/-1001353416773_94882.jpg	\N	\N	\N	\N	\N	\N	\N	2025-11-29 23:02:30.057459+05
51	13	94883	image	downloads/-1001353416773/-1001353416773_94883.jpg	\N	\N	\N	\N	\N	\N	\N	2025-11-29 23:02:30.057459+05
52	13	94884	image	downloads/-1001353416773/-1001353416773_94884.jpg	\N	\N	\N	\N	\N	\N	\N	2025-11-29 23:02:30.057459+05
53	13	94885	image	downloads/-1001353416773/-1001353416773_94885.jpg	\N	\N	\N	\N	\N	\N	\N	2025-11-29 23:02:30.057459+05
54	13	94886	image	downloads/-1001353416773/-1001353416773_94886.jpg	\N	\N	\N	\N	\N	\N	\N	2025-11-29 23:02:30.057459+05
55	13	94887	image	downloads/-1001353416773/-1001353416773_94887.jpg	\N	\N	\N	\N	\N	\N	\N	2025-11-29 23:02:30.057459+05
174	29	12124	image	downloads/-1001535136862/-1001535136862_12124.jpg	\N	\N	\N	\N	\N	\N	\N	2025-12-08 19:31:46.693888+05
175	29	12125	image	downloads/-1001535136862/-1001535136862_12125.jpg	\N	\N	\N	\N	\N	\N	\N	2025-12-08 19:31:46.693888+05
176	29	12126	image	downloads/-1001535136862/-1001535136862_12126.jpg	\N	\N	\N	\N	\N	\N	\N	2025-12-08 19:31:46.693888+05
177	29	12127	image	downloads/-1001535136862/-1001535136862_12127.jpg	\N	\N	\N	\N	\N	\N	\N	2025-12-08 19:31:46.693888+05
178	29	12128	image	downloads/-1001535136862/-1001535136862_12128.jpg	\N	\N	\N	\N	\N	\N	\N	2025-12-08 19:31:46.693888+05
179	29	12129	image	downloads/-1001535136862/-1001535136862_12129.jpg	\N	\N	\N	\N	\N	\N	\N	2025-12-08 19:31:46.693888+05
339	51	56856	image	downloads/-1002229197607/-1002229197607_56856.jpg	\N	\N	\N	\N	\N	\N	\N	2025-12-21 19:41:35.072517+05
340	51	56857	image	downloads/-1002229197607/-1002229197607_56857.jpg	\N	\N	\N	\N	\N	\N	\N	2025-12-21 19:41:35.072517+05
341	51	56858	image	downloads/-1002229197607/-1002229197607_56858.jpg	\N	\N	\N	\N	\N	\N	\N	2025-12-21 19:41:35.072517+05
342	51	56859	image	downloads/-1002229197607/-1002229197607_56859.jpg	\N	\N	\N	\N	\N	\N	\N	2025-12-21 19:41:35.072517+05
343	51	56860	image	downloads/-1002229197607/-1002229197607_56860.jpg	\N	\N	\N	\N	\N	\N	\N	2025-12-21 19:41:35.072517+05
344	51	56861	image	downloads/-1002229197607/-1002229197607_56861.jpg	\N	\N	\N	\N	\N	\N	\N	2025-12-21 19:41:35.072517+05
345	51	56862	image	downloads/-1002229197607/-1002229197607_56862.jpg	\N	\N	\N	\N	\N	\N	\N	2025-12-21 19:41:35.072517+05
346	51	56863	image	downloads/-1002229197607/-1002229197607_56863.jpg	\N	\N	\N	\N	\N	\N	\N	2025-12-21 19:41:35.072517+05
347	52	56864	image	downloads/-1002229197607/-1002229197607_56864.jpg	\N	\N	\N	\N	\N	\N	\N	2025-12-21 19:46:44.249728+05
348	52	56865	image	downloads/-1002229197607/-1002229197607_56865.jpg	\N	\N	\N	\N	\N	\N	\N	2025-12-21 19:46:44.249728+05
349	52	56866	image	downloads/-1002229197607/-1002229197607_56866.jpg	\N	\N	\N	\N	\N	\N	\N	2025-12-21 19:46:44.249728+05
350	52	56867	image	downloads/-1002229197607/-1002229197607_56867.jpg	\N	\N	\N	\N	\N	\N	\N	2025-12-21 19:46:44.249728+05
351	52	56868	image	downloads/-1002229197607/-1002229197607_56868.jpg	\N	\N	\N	\N	\N	\N	\N	2025-12-21 19:46:44.249728+05
352	52	56869	image	downloads/-1002229197607/-1002229197607_56869.jpg	\N	\N	\N	\N	\N	\N	\N	2025-12-21 19:46:44.249728+05
209	34	56713	image	downloads/-1002192823420/-1002192823420_56713.jpg	\N	\N	\N	\N	\N	\N	\N	2025-12-21 17:47:01.442107+05
210	34	56714	image	downloads/-1002192823420/-1002192823420_56714.jpg	\N	\N	\N	\N	\N	\N	\N	2025-12-21 17:47:01.442107+05
211	34	56715	image	downloads/-1002192823420/-1002192823420_56715.jpg	\N	\N	\N	\N	\N	\N	\N	2025-12-21 17:47:01.442107+05
212	34	56716	image	downloads/-1002192823420/-1002192823420_56716.jpg	\N	\N	\N	\N	\N	\N	\N	2025-12-21 17:47:01.442107+05
213	34	56717	image	downloads/-1002192823420/-1002192823420_56717.jpg	\N	\N	\N	\N	\N	\N	\N	2025-12-21 17:47:01.442107+05
214	34	56718	image	downloads/-1002192823420/-1002192823420_56718.jpg	\N	\N	\N	\N	\N	\N	\N	2025-12-21 17:47:01.442107+05
215	34	56719	image	downloads/-1002192823420/-1002192823420_56719.jpg	\N	\N	\N	\N	\N	\N	\N	2025-12-21 17:47:01.442107+05
216	34	56720	image	downloads/-1002192823420/-1002192823420_56720.jpg	\N	\N	\N	\N	\N	\N	\N	2025-12-21 17:47:01.442107+05
217	35	56721	image	downloads/-1002192823420/-1002192823420_56721.jpg	\N	\N	\N	\N	\N	\N	\N	2025-12-21 17:47:29.704715+05
218	35	56722	image	downloads/-1002192823420/-1002192823420_56722.jpg	\N	\N	\N	\N	\N	\N	\N	2025-12-21 17:47:29.704715+05
219	35	56723	image	downloads/-1002192823420/-1002192823420_56723.jpg	\N	\N	\N	\N	\N	\N	\N	2025-12-21 17:47:29.704715+05
220	35	56724	image	downloads/-1002192823420/-1002192823420_56724.jpg	\N	\N	\N	\N	\N	\N	\N	2025-12-21 17:47:29.704715+05
221	35	56725	image	downloads/-1002192823420/-1002192823420_56725.jpg	\N	\N	\N	\N	\N	\N	\N	2025-12-21 17:47:29.704715+05
222	35	56726	image	downloads/-1002192823420/-1002192823420_56726.jpg	\N	\N	\N	\N	\N	\N	\N	2025-12-21 17:47:29.704715+05
223	36	56825	image	downloads/-1002229197607/-1002229197607_56825.jpg	\N	\N	\N	\N	\N	\N	\N	2025-12-21 18:48:43.407219+05
224	36	56826	image	downloads/-1002229197607/-1002229197607_56826.jpg	\N	\N	\N	\N	\N	\N	\N	2025-12-21 18:48:43.407219+05
225	36	56827	image	downloads/-1002229197607/-1002229197607_56827.jpg	\N	\N	\N	\N	\N	\N	\N	2025-12-21 18:48:43.407219+05
226	36	56828	image	downloads/-1002229197607/-1002229197607_56828.jpg	\N	\N	\N	\N	\N	\N	\N	2025-12-21 18:48:43.407219+05
227	36	56829	image	downloads/-1002229197607/-1002229197607_56829.jpg	\N	\N	\N	\N	\N	\N	\N	2025-12-21 18:48:43.407219+05
228	36	56830	image	downloads/-1002229197607/-1002229197607_56830.jpg	\N	\N	\N	\N	\N	\N	\N	2025-12-21 18:48:43.407219+05
229	36	56831	image	downloads/-1002229197607/-1002229197607_56831.jpg	\N	\N	\N	\N	\N	\N	\N	2025-12-21 18:48:43.407219+05
230	37	56832	image	downloads/-1002229197607/-1002229197607_56832.jpg	\N	\N	\N	\N	\N	\N	\N	2025-12-21 18:52:19.747869+05
231	37	56833	image	downloads/-1002229197607/-1002229197607_56833.jpg	\N	\N	\N	\N	\N	\N	\N	2025-12-21 18:52:19.747869+05
232	37	56834	image	downloads/-1002229197607/-1002229197607_56834.jpg	\N	\N	\N	\N	\N	\N	\N	2025-12-21 18:52:19.747869+05
233	37	56835	image	downloads/-1002229197607/-1002229197607_56835.jpg	\N	\N	\N	\N	\N	\N	\N	2025-12-21 18:52:19.747869+05
234	37	56836	image	downloads/-1002229197607/-1002229197607_56836.jpg	\N	\N	\N	\N	\N	\N	\N	2025-12-21 18:52:19.747869+05
235	37	56837	image	downloads/-1002229197607/-1002229197607_56837.jpg	\N	\N	\N	\N	\N	\N	\N	2025-12-21 18:52:19.747869+05
236	37	56838	image	downloads/-1002229197607/-1002229197607_56838.jpg	\N	\N	\N	\N	\N	\N	\N	2025-12-21 18:52:19.747869+05
237	37	56839	image	downloads/-1002229197607/-1002229197607_56839.jpg	\N	\N	\N	\N	\N	\N	\N	2025-12-21 18:52:19.747869+05
353	52	56870	image	downloads/-1002229197607/-1002229197607_56870.jpg	\N	\N	\N	\N	\N	\N	\N	2025-12-21 19:46:44.249728+05
354	52	56871	image	downloads/-1002229197607/-1002229197607_56871.jpg	\N	\N	\N	\N	\N	\N	\N	2025-12-21 19:46:44.249728+05
355	52	56872	image	downloads/-1002229197607/-1002229197607_56872.jpg	\N	\N	\N	\N	\N	\N	\N	2025-12-21 19:46:44.249728+05
356	53	56873	image	downloads/-1002229197607/-1002229197607_56873.jpg	\N	\N	\N	\N	\N	\N	\N	2025-12-21 19:51:51.125329+05
357	53	56874	image	downloads/-1002229197607/-1002229197607_56874.jpg	\N	\N	\N	\N	\N	\N	\N	2025-12-21 19:51:51.125329+05
358	53	56875	image	downloads/-1002229197607/-1002229197607_56875.jpg	\N	\N	\N	\N	\N	\N	\N	2025-12-21 19:51:51.125329+05
359	53	56876	image	downloads/-1002229197607/-1002229197607_56876.jpg	\N	\N	\N	\N	\N	\N	\N	2025-12-21 19:51:51.125329+05
360	53	56877	image	downloads/-1002229197607/-1002229197607_56877.jpg	\N	\N	\N	\N	\N	\N	\N	2025-12-21 19:51:51.125329+05
361	53	56878	image	downloads/-1002229197607/-1002229197607_56878.jpg	\N	\N	\N	\N	\N	\N	\N	2025-12-21 19:51:51.125329+05
362	53	56879	image	downloads/-1002229197607/-1002229197607_56879.jpg	\N	\N	\N	\N	\N	\N	\N	2025-12-21 19:51:51.125329+05
363	53	56880	image	downloads/-1002229197607/-1002229197607_56880.jpg	\N	\N	\N	\N	\N	\N	\N	2025-12-21 19:51:51.125329+05
364	54	56881	image	downloads/-1002229197607/-1002229197607_56881.jpg	\N	\N	\N	\N	\N	\N	\N	2025-12-21 19:53:49.283018+05
365	54	56882	image	downloads/-1002229197607/-1002229197607_56882.jpg	\N	\N	\N	\N	\N	\N	\N	2025-12-21 19:53:49.283018+05
366	54	56883	image	downloads/-1002229197607/-1002229197607_56883.jpg	\N	\N	\N	\N	\N	\N	\N	2025-12-21 19:53:49.283018+05
367	54	56884	image	downloads/-1002229197607/-1002229197607_56884.jpg	\N	\N	\N	\N	\N	\N	\N	2025-12-21 19:53:49.283018+05
368	54	56885	image	downloads/-1002229197607/-1002229197607_56885.jpg	\N	\N	\N	\N	\N	\N	\N	2025-12-21 19:53:49.283018+05
369	54	56886	image	downloads/-1002229197607/-1002229197607_56886.jpg	\N	\N	\N	\N	\N	\N	\N	2025-12-21 19:53:49.283018+05
370	54	56887	image	downloads/-1002229197607/-1002229197607_56887.jpg	\N	\N	\N	\N	\N	\N	\N	2025-12-21 19:53:49.283018+05
371	54	56888	image	downloads/-1002229197607/-1002229197607_56888.jpg	\N	\N	\N	\N	\N	\N	\N	2025-12-21 19:53:49.283018+05
372	55	56889	image	downloads/-1002229197607/-1002229197607_56889.jpg	\N	\N	\N	\N	\N	\N	\N	2025-12-21 19:56:55.276746+05
373	55	56890	image	downloads/-1002229197607/-1002229197607_56890.jpg	\N	\N	\N	\N	\N	\N	\N	2025-12-21 19:56:55.276746+05
374	55	56891	image	downloads/-1002229197607/-1002229197607_56891.jpg	\N	\N	\N	\N	\N	\N	\N	2025-12-21 19:56:55.276746+05
375	55	56892	image	downloads/-1002229197607/-1002229197607_56892.jpg	\N	\N	\N	\N	\N	\N	\N	2025-12-21 19:56:55.276746+05
376	55	56893	image	downloads/-1002229197607/-1002229197607_56893.jpg	\N	\N	\N	\N	\N	\N	\N	2025-12-21 19:56:55.276746+05
262	41	156	image	downloads/-1003030247077/-1003030247077_156.jpg	\N	\N	\N	\N	\N	\N	\N	2025-12-21 19:05:05.953952+05
263	41	157	image	downloads/-1003030247077/-1003030247077_157.jpg	\N	\N	\N	\N	\N	\N	\N	2025-12-21 19:05:05.953952+05
264	41	158	image	downloads/-1003030247077/-1003030247077_158.jpg	\N	\N	\N	\N	\N	\N	\N	2025-12-21 19:05:05.953952+05
265	41	159	image	downloads/-1003030247077/-1003030247077_159.jpg	\N	\N	\N	\N	\N	\N	\N	2025-12-21 19:05:05.953952+05
266	41	160	image	downloads/-1003030247077/-1003030247077_160.jpg	\N	\N	\N	\N	\N	\N	\N	2025-12-21 19:05:05.953952+05
267	41	161	image	downloads/-1003030247077/-1003030247077_161.jpg	\N	\N	\N	\N	\N	\N	\N	2025-12-21 19:05:05.953952+05
268	41	162	image	downloads/-1003030247077/-1003030247077_162.jpg	\N	\N	\N	\N	\N	\N	\N	2025-12-21 19:05:05.953952+05
269	41	163	image	downloads/-1003030247077/-1003030247077_163.jpg	\N	\N	\N	\N	\N	\N	\N	2025-12-21 19:05:05.953952+05
270	41	164	image	downloads/-1003030247077/-1003030247077_164.jpg	\N	\N	\N	\N	\N	\N	\N	2025-12-21 19:05:05.953952+05
271	42	165	image	downloads/-1003030247077/-1003030247077_165.jpg	\N	\N	\N	\N	\N	\N	\N	2025-12-21 19:05:20.562632+05
272	42	166	image	downloads/-1003030247077/-1003030247077_166.jpg	\N	\N	\N	\N	\N	\N	\N	2025-12-21 19:05:20.562632+05
273	42	167	image	downloads/-1003030247077/-1003030247077_167.jpg	\N	\N	\N	\N	\N	\N	\N	2025-12-21 19:05:20.562632+05
274	42	168	image	downloads/-1003030247077/-1003030247077_168.jpg	\N	\N	\N	\N	\N	\N	\N	2025-12-21 19:05:20.562632+05
275	42	169	image	downloads/-1003030247077/-1003030247077_169.jpg	\N	\N	\N	\N	\N	\N	\N	2025-12-21 19:05:20.562632+05
276	42	170	image	downloads/-1003030247077/-1003030247077_170.jpg	\N	\N	\N	\N	\N	\N	\N	2025-12-21 19:05:20.562632+05
277	43	171	image	downloads/-1003030247077/-1003030247077_171.jpg	\N	\N	\N	\N	\N	\N	\N	2025-12-21 19:05:30.898708+05
278	43	172	image	downloads/-1003030247077/-1003030247077_172.jpg	\N	\N	\N	\N	\N	\N	\N	2025-12-21 19:05:30.898708+05
279	43	173	image	downloads/-1003030247077/-1003030247077_173.jpg	\N	\N	\N	\N	\N	\N	\N	2025-12-21 19:05:30.898708+05
280	43	174	image	downloads/-1003030247077/-1003030247077_174.jpg	\N	\N	\N	\N	\N	\N	\N	2025-12-21 19:05:30.898708+05
281	43	175	image	downloads/-1003030247077/-1003030247077_175.jpg	\N	\N	\N	\N	\N	\N	\N	2025-12-21 19:05:30.898708+05
282	43	176	image	downloads/-1003030247077/-1003030247077_176.jpg	\N	\N	\N	\N	\N	\N	\N	2025-12-21 19:05:30.898708+05
283	43	177	image	downloads/-1003030247077/-1003030247077_177.jpg	\N	\N	\N	\N	\N	\N	\N	2025-12-21 19:05:30.898708+05
284	44	178	image	downloads/-1003030247077/-1003030247077_178.jpg	\N	\N	\N	\N	\N	\N	\N	2025-12-21 19:09:10.933456+05
285	44	179	image	downloads/-1003030247077/-1003030247077_179.jpg	\N	\N	\N	\N	\N	\N	\N	2025-12-21 19:09:10.933456+05
286	44	180	image	downloads/-1003030247077/-1003030247077_180.jpg	\N	\N	\N	\N	\N	\N	\N	2025-12-21 19:09:10.933456+05
287	44	181	image	downloads/-1003030247077/-1003030247077_181.jpg	\N	\N	\N	\N	\N	\N	\N	2025-12-21 19:09:10.933456+05
288	44	182	image	downloads/-1003030247077/-1003030247077_182.jpg	\N	\N	\N	\N	\N	\N	\N	2025-12-21 19:09:10.933456+05
289	45	183	image	downloads/-1003030247077/-1003030247077_183.jpg	\N	\N	\N	\N	\N	\N	\N	2025-12-21 19:09:21.666949+05
290	45	184	image	downloads/-1003030247077/-1003030247077_184.jpg	\N	\N	\N	\N	\N	\N	\N	2025-12-21 19:09:21.666949+05
291	45	185	image	downloads/-1003030247077/-1003030247077_185.jpg	\N	\N	\N	\N	\N	\N	\N	2025-12-21 19:09:21.666949+05
292	45	186	image	downloads/-1003030247077/-1003030247077_186.jpg	\N	\N	\N	\N	\N	\N	\N	2025-12-21 19:09:21.666949+05
293	45	187	image	downloads/-1003030247077/-1003030247077_187.jpg	\N	\N	\N	\N	\N	\N	\N	2025-12-21 19:09:21.666949+05
294	45	188	image	downloads/-1003030247077/-1003030247077_188.jpg	\N	\N	\N	\N	\N	\N	\N	2025-12-21 19:09:21.666949+05
295	45	189	image	downloads/-1003030247077/-1003030247077_189.jpg	\N	\N	\N	\N	\N	\N	\N	2025-12-21 19:09:21.666949+05
296	45	190	image	downloads/-1003030247077/-1003030247077_190.jpg	\N	\N	\N	\N	\N	\N	\N	2025-12-21 19:09:21.666949+05
297	46	191	image	downloads/-1003030247077/-1003030247077_191.jpg	\N	\N	\N	\N	\N	\N	\N	2025-12-21 19:09:31.947836+05
298	46	192	image	downloads/-1003030247077/-1003030247077_192.jpg	\N	\N	\N	\N	\N	\N	\N	2025-12-21 19:09:31.947836+05
299	46	193	image	downloads/-1003030247077/-1003030247077_193.jpg	\N	\N	\N	\N	\N	\N	\N	2025-12-21 19:09:31.947836+05
300	46	194	image	downloads/-1003030247077/-1003030247077_194.jpg	\N	\N	\N	\N	\N	\N	\N	2025-12-21 19:09:31.947836+05
301	46	195	image	downloads/-1003030247077/-1003030247077_195.jpg	\N	\N	\N	\N	\N	\N	\N	2025-12-21 19:09:31.947836+05
302	46	196	image	downloads/-1003030247077/-1003030247077_196.jpg	\N	\N	\N	\N	\N	\N	\N	2025-12-21 19:09:31.947836+05
303	46	197	image	downloads/-1003030247077/-1003030247077_197.jpg	\N	\N	\N	\N	\N	\N	\N	2025-12-21 19:09:31.947836+05
304	46	198	image	downloads/-1003030247077/-1003030247077_198.jpg	\N	\N	\N	\N	\N	\N	\N	2025-12-21 19:09:31.947836+05
377	55	56894	image	downloads/-1002229197607/-1002229197607_56894.jpg	\N	\N	\N	\N	\N	\N	\N	2025-12-21 19:56:55.276746+05
378	55	56895	image	downloads/-1002229197607/-1002229197607_56895.jpg	\N	\N	\N	\N	\N	\N	\N	2025-12-21 19:56:55.276746+05
379	55	56896	image	downloads/-1002229197607/-1002229197607_56896.jpg	\N	\N	\N	\N	\N	\N	\N	2025-12-21 19:56:55.276746+05
380	55	56897	image	downloads/-1002229197607/-1002229197607_56897.jpg	\N	\N	\N	\N	\N	\N	\N	2025-12-21 19:56:55.276746+05
381	56	56898	image	downloads/-1002229197607/-1002229197607_56898.jpg	\N	\N	\N	\N	\N	\N	\N	2025-12-21 19:59:02.515909+05
382	56	56899	image	downloads/-1002229197607/-1002229197607_56899.jpg	\N	\N	\N	\N	\N	\N	\N	2025-12-21 19:59:02.515909+05
383	56	56900	image	downloads/-1002229197607/-1002229197607_56900.jpg	\N	\N	\N	\N	\N	\N	\N	2025-12-21 19:59:02.515909+05
384	56	56901	image	downloads/-1002229197607/-1002229197607_56901.jpg	\N	\N	\N	\N	\N	\N	\N	2025-12-21 19:59:02.515909+05
385	56	56902	image	downloads/-1002229197607/-1002229197607_56902.jpg	\N	\N	\N	\N	\N	\N	\N	2025-12-21 19:59:02.515909+05
386	57	12557	image	downloads/-1001590145478/-1001590145478_12557.jpg	\N	\N	\N	\N	\N	\N	\N	2025-12-21 20:00:03.962091+05
387	57	12558	image	downloads/-1001590145478/-1001590145478_12558.jpg	\N	\N	\N	\N	\N	\N	\N	2025-12-21 20:00:03.962091+05
388	57	12559	image	downloads/-1001590145478/-1001590145478_12559.jpg	\N	\N	\N	\N	\N	\N	\N	2025-12-21 20:00:03.962091+05
389	57	12560	image	downloads/-1001590145478/-1001590145478_12560.jpg	\N	\N	\N	\N	\N	\N	\N	2025-12-21 20:00:03.962091+05
390	57	12561	image	downloads/-1001590145478/-1001590145478_12561.jpg	\N	\N	\N	\N	\N	\N	\N	2025-12-21 20:00:03.962091+05
391	57	12562	image	downloads/-1001590145478/-1001590145478_12562.jpg	\N	\N	\N	\N	\N	\N	\N	2025-12-21 20:00:03.962091+05
392	57	12563	image	downloads/-1001590145478/-1001590145478_12563.jpg	\N	\N	\N	\N	\N	\N	\N	2025-12-21 20:00:03.962091+05
400	59	56903	image	downloads/-1002229197607/-1002229197607_56903.jpg	\N	\N	\N	\N	\N	\N	\N	2025-12-21 20:01:13.888146+05
401	59	56904	image	downloads/-1002229197607/-1002229197607_56904.jpg	\N	\N	\N	\N	\N	\N	\N	2025-12-21 20:01:13.888146+05
402	59	56905	image	downloads/-1002229197607/-1002229197607_56905.jpg	\N	\N	\N	\N	\N	\N	\N	2025-12-21 20:01:13.888146+05
403	59	56906	image	downloads/-1002229197607/-1002229197607_56906.jpg	\N	\N	\N	\N	\N	\N	\N	2025-12-21 20:01:13.888146+05
404	59	56907	image	downloads/-1002229197607/-1002229197607_56907.jpg	\N	\N	\N	\N	\N	\N	\N	2025-12-21 20:01:13.888146+05
405	59	56908	image	downloads/-1002229197607/-1002229197607_56908.jpg	\N	\N	\N	\N	\N	\N	\N	2025-12-21 20:01:13.888146+05
406	59	56909	image	downloads/-1002229197607/-1002229197607_56909.jpg	\N	\N	\N	\N	\N	\N	\N	2025-12-21 20:01:13.888146+05
407	60	56910	image	downloads/-1002229197607/-1002229197607_56910.jpg	\N	\N	\N	\N	\N	\N	\N	2025-12-21 20:06:43.857998+05
408	60	56911	image	downloads/-1002229197607/-1002229197607_56911.jpg	\N	\N	\N	\N	\N	\N	\N	2025-12-21 20:06:43.857998+05
409	60	56912	image	downloads/-1002229197607/-1002229197607_56912.jpg	\N	\N	\N	\N	\N	\N	\N	2025-12-21 20:06:43.857998+05
410	60	56913	image	downloads/-1002229197607/-1002229197607_56913.jpg	\N	\N	\N	\N	\N	\N	\N	2025-12-21 20:06:43.857998+05
411	60	56914	image	downloads/-1002229197607/-1002229197607_56914.jpg	\N	\N	\N	\N	\N	\N	\N	2025-12-21 20:06:43.857998+05
412	60	56915	image	downloads/-1002229197607/-1002229197607_56915.jpg	\N	\N	\N	\N	\N	\N	\N	2025-12-21 20:06:43.857998+05
413	60	56916	image	downloads/-1002229197607/-1002229197607_56916.jpg	\N	\N	\N	\N	\N	\N	\N	2025-12-21 20:06:43.857998+05
414	60	56917	image	downloads/-1002229197607/-1002229197607_56917.jpg	\N	\N	\N	\N	\N	\N	\N	2025-12-21 20:06:43.857998+05
415	60	56918	image	downloads/-1002229197607/-1002229197607_56918.jpg	\N	\N	\N	\N	\N	\N	\N	2025-12-21 20:06:43.857998+05
416	61	56919	image	downloads/-1002229197607/-1002229197607_56919.jpg	\N	\N	\N	\N	\N	\N	\N	2025-12-21 20:07:15.804238+05
417	61	56920	image	downloads/-1002229197607/-1002229197607_56920.jpg	\N	\N	\N	\N	\N	\N	\N	2025-12-21 20:07:15.804238+05
418	61	56921	image	downloads/-1002229197607/-1002229197607_56921.jpg	\N	\N	\N	\N	\N	\N	\N	2025-12-21 20:07:15.804238+05
419	61	56922	image	downloads/-1002229197607/-1002229197607_56922.jpg	\N	\N	\N	\N	\N	\N	\N	2025-12-21 20:07:15.804238+05
420	61	56923	image	downloads/-1002229197607/-1002229197607_56923.jpg	\N	\N	\N	\N	\N	\N	\N	2025-12-21 20:07:15.804238+05
421	61	56924	image	downloads/-1002229197607/-1002229197607_56924.jpg	\N	\N	\N	\N	\N	\N	\N	2025-12-21 20:07:15.804238+05
422	61	56925	image	downloads/-1002229197607/-1002229197607_56925.jpg	\N	\N	\N	\N	\N	\N	\N	2025-12-21 20:07:15.804238+05
423	61	56926	image	downloads/-1002229197607/-1002229197607_56926.jpg	\N	\N	\N	\N	\N	\N	\N	2025-12-21 20:07:15.804238+05
424	62	56927	image	downloads/-1002229197607/-1002229197607_56927.jpg	\N	\N	\N	\N	\N	\N	\N	2025-12-21 20:07:57.38503+05
425	62	56928	image	downloads/-1002229197607/-1002229197607_56928.jpg	\N	\N	\N	\N	\N	\N	\N	2025-12-21 20:07:57.38503+05
426	62	56929	image	downloads/-1002229197607/-1002229197607_56929.jpg	\N	\N	\N	\N	\N	\N	\N	2025-12-21 20:07:57.38503+05
427	62	56930	image	downloads/-1002229197607/-1002229197607_56930.jpg	\N	\N	\N	\N	\N	\N	\N	2025-12-21 20:07:57.38503+05
428	62	56931	image	downloads/-1002229197607/-1002229197607_56931.jpg	\N	\N	\N	\N	\N	\N	\N	2025-12-21 20:07:57.38503+05
429	62	56932	image	downloads/-1002229197607/-1002229197607_56932.jpg	\N	\N	\N	\N	\N	\N	\N	2025-12-21 20:07:57.38503+05
430	62	56933	image	downloads/-1002229197607/-1002229197607_56933.jpg	\N	\N	\N	\N	\N	\N	\N	2025-12-21 20:07:57.38503+05
431	62	56934	image	downloads/-1002229197607/-1002229197607_56934.jpg	\N	\N	\N	\N	\N	\N	\N	2025-12-21 20:07:57.38503+05
432	63	56936	image	downloads/-1002229197607/-1002229197607_56936.jpg	\N	\N	\N	\N	\N	\N	\N	2025-12-21 20:10:39.625969+05
433	63	56937	image	downloads/-1002229197607/-1002229197607_56937.jpg	\N	\N	\N	\N	\N	\N	\N	2025-12-21 20:10:39.625969+05
434	63	56938	image	downloads/-1002229197607/-1002229197607_56938.jpg	\N	\N	\N	\N	\N	\N	\N	2025-12-21 20:10:39.625969+05
435	63	56939	image	downloads/-1002229197607/-1002229197607_56939.jpg	\N	\N	\N	\N	\N	\N	\N	2025-12-21 20:10:39.625969+05
436	63	56940	image	downloads/-1002229197607/-1002229197607_56940.jpg	\N	\N	\N	\N	\N	\N	\N	2025-12-21 20:10:39.625969+05
437	63	56941	image	downloads/-1002229197607/-1002229197607_56941.jpg	\N	\N	\N	\N	\N	\N	\N	2025-12-21 20:10:39.625969+05
438	63	56942	image	downloads/-1002229197607/-1002229197607_56942.jpg	\N	\N	\N	\N	\N	\N	\N	2025-12-21 20:10:39.625969+05
439	64	56943	image	downloads/-1002229197607/-1002229197607_56943.jpg	\N	\N	\N	\N	\N	\N	\N	2025-12-21 20:14:15.542069+05
440	64	56944	image	downloads/-1002229197607/-1002229197607_56944.jpg	\N	\N	\N	\N	\N	\N	\N	2025-12-21 20:14:15.542069+05
441	64	56945	image	downloads/-1002229197607/-1002229197607_56945.jpg	\N	\N	\N	\N	\N	\N	\N	2025-12-21 20:14:15.542069+05
442	64	56946	image	downloads/-1002229197607/-1002229197607_56946.jpg	\N	\N	\N	\N	\N	\N	\N	2025-12-21 20:14:15.542069+05
443	64	56947	image	downloads/-1002229197607/-1002229197607_56947.jpg	\N	\N	\N	\N	\N	\N	\N	2025-12-21 20:14:15.542069+05
444	64	56948	image	downloads/-1002229197607/-1002229197607_56948.jpg	\N	\N	\N	\N	\N	\N	\N	2025-12-21 20:14:15.542069+05
459	67	205	image	downloads/-1003030247077/-1003030247077_205.jpg	\N	\N	\N	\N	\N	\N	\N	2025-12-22 06:54:57.510698+05
460	67	206	image	downloads/-1003030247077/-1003030247077_206.jpg	\N	\N	\N	\N	\N	\N	\N	2025-12-22 06:54:57.510698+05
482	71	249	image	downloads/-1003030247077/-1003030247077_249.jpg	\N	\N	\N	\N	\N	\N	\N	2025-12-30 00:11:47.171649+05
483	71	250	image	downloads/-1003030247077/-1003030247077_250.jpg	\N	\N	\N	\N	\N	\N	\N	2025-12-30 00:11:47.171649+05
484	72	251	image	downloads/-1003030247077/-1003030247077_251.jpg	\N	\N	\N	\N	\N	\N	\N	2025-12-30 00:12:12.273393+05
485	73	252	image	downloads/-1003030247077/-1003030247077_252.jpg	\N	\N	\N	\N	\N	\N	\N	2025-12-30 00:12:43.129717+05
486	73	253	image	downloads/-1003030247077/-1003030247077_253.jpg	\N	\N	\N	\N	\N	\N	\N	2025-12-30 00:12:43.129717+05
487	74	254	image	downloads/-1003030247077/-1003030247077_254.jpg	\N	\N	\N	\N	\N	\N	\N	2025-12-31 17:14:58.27208+05
488	74	255	image	downloads/-1003030247077/-1003030247077_255.jpg	\N	\N	\N	\N	\N	\N	\N	2025-12-31 17:14:58.27208+05
489	74	256	video	downloads/-1003030247077/-1003030247077_256__IMG_4183.MP4	\N	\N	\N	\N	\N	\N	\N	2025-12-31 17:14:58.27208+05
490	74	257	image	downloads/-1003030247077/-1003030247077_257.jpg	\N	\N	\N	\N	\N	\N	\N	2025-12-31 17:14:58.27208+05
491	74	258	image	downloads/-1003030247077/-1003030247077_258.jpg	\N	\N	\N	\N	\N	\N	\N	2025-12-31 17:14:58.27208+05
492	75	259	image	downloads/-1003030247077/-1003030247077_259.jpg	\N	\N	\N	\N	\N	\N	\N	2025-12-31 17:15:15.810052+05
493	75	260	image	downloads/-1003030247077/-1003030247077_260.jpg	\N	\N	\N	\N	\N	\N	\N	2025-12-31 17:15:15.810052+05
494	75	261	video	downloads/-1003030247077/-1003030247077_261__IMG_4183.MP4	\N	\N	\N	\N	\N	\N	\N	2025-12-31 17:15:15.810052+05
495	75	262	image	downloads/-1003030247077/-1003030247077_262.jpg	\N	\N	\N	\N	\N	\N	\N	2025-12-31 17:15:15.810052+05
496	75	263	image	downloads/-1003030247077/-1003030247077_263.jpg	\N	\N	\N	\N	\N	\N	\N	2025-12-31 17:15:15.810052+05
497	77	12261	image	downloads/-1001535136862/-1001535136862_12261.jpg	\N	\N	\N	\N	\N	\N	\N	2026-01-01 18:37:00.932236+05
498	77	12262	image	downloads/-1001535136862/-1001535136862_12262.jpg	\N	\N	\N	\N	\N	\N	\N	2026-01-01 18:37:00.932236+05
499	77	12263	image	downloads/-1001535136862/-1001535136862_12263.jpg	\N	\N	\N	\N	\N	\N	\N	2026-01-01 18:37:00.932236+05
500	77	12264	image	downloads/-1001535136862/-1001535136862_12264.jpg	\N	\N	\N	\N	\N	\N	\N	2026-01-01 18:37:00.932236+05
501	78	12632	image	downloads/-1001590145478/-1001590145478_12632.jpg	\N	\N	\N	\N	\N	\N	\N	2026-01-01 18:37:01.676833+05
502	78	12633	image	downloads/-1001590145478/-1001590145478_12633.jpg	\N	\N	\N	\N	\N	\N	\N	2026-01-01 18:37:01.676833+05
503	78	12634	image	downloads/-1001590145478/-1001590145478_12634.jpg	\N	\N	\N	\N	\N	\N	\N	2026-01-01 18:37:01.676833+05
504	78	12635	image	downloads/-1001590145478/-1001590145478_12635.jpg	\N	\N	\N	\N	\N	\N	\N	2026-01-01 18:37:01.676833+05
505	78	12636	image	downloads/-1001590145478/-1001590145478_12636.jpg	\N	\N	\N	\N	\N	\N	\N	2026-01-01 18:37:01.676833+05
506	80	57824	image	downloads/-1002229197607/-1002229197607_57824.jpg	\N	\N	\N	\N	\N	\N	\N	2026-01-01 18:38:52.115165+05
507	80	57825	image	downloads/-1002229197607/-1002229197607_57825.jpg	\N	\N	\N	\N	\N	\N	\N	2026-01-01 18:38:52.115165+05
508	80	57826	image	downloads/-1002229197607/-1002229197607_57826.jpg	\N	\N	\N	\N	\N	\N	\N	2026-01-01 18:38:52.115165+05
509	80	57827	image	downloads/-1002229197607/-1002229197607_57827.jpg	\N	\N	\N	\N	\N	\N	\N	2026-01-01 18:38:52.115165+05
510	80	57828	image	downloads/-1002229197607/-1002229197607_57828.jpg	\N	\N	\N	\N	\N	\N	\N	2026-01-01 18:38:52.115165+05
511	80	57829	image	downloads/-1002229197607/-1002229197607_57829.jpg	\N	\N	\N	\N	\N	\N	\N	2026-01-01 18:38:52.115165+05
512	80	57830	image	downloads/-1002229197607/-1002229197607_57830.jpg	\N	\N	\N	\N	\N	\N	\N	2026-01-01 18:38:52.115165+05
513	81	100076	image	downloads/-1001353416773/-1001353416773_100076.jpg	\N	\N	\N	\N	\N	\N	\N	2026-01-01 18:39:43.24582+05
514	81	100077	image	downloads/-1001353416773/-1001353416773_100077.jpg	\N	\N	\N	\N	\N	\N	\N	2026-01-01 18:39:43.24582+05
515	81	100078	image	downloads/-1001353416773/-1001353416773_100078.jpg	\N	\N	\N	\N	\N	\N	\N	2026-01-01 18:39:43.24582+05
516	81	100079	image	downloads/-1001353416773/-1001353416773_100079.jpg	\N	\N	\N	\N	\N	\N	\N	2026-01-01 18:39:43.24582+05
517	81	100080	image	downloads/-1001353416773/-1001353416773_100080.jpg	\N	\N	\N	\N	\N	\N	\N	2026-01-01 18:39:43.24582+05
518	81	100081	image	downloads/-1001353416773/-1001353416773_100081.jpg	\N	\N	\N	\N	\N	\N	\N	2026-01-01 18:39:43.24582+05
519	81	100082	image	downloads/-1001353416773/-1001353416773_100082.jpg	\N	\N	\N	\N	\N	\N	\N	2026-01-01 18:39:43.24582+05
530	83	57831	image	downloads/-1002229197607/-1002229197607_57831.jpg	\N	\N	\N	\N	\N	\N	\N	2026-01-01 18:43:26.611715+05
531	83	57832	image	downloads/-1002229197607/-1002229197607_57832.jpg	\N	\N	\N	\N	\N	\N	\N	2026-01-01 18:43:26.611715+05
532	83	57833	image	downloads/-1002229197607/-1002229197607_57833.jpg	\N	\N	\N	\N	\N	\N	\N	2026-01-01 18:43:26.611715+05
533	83	57834	image	downloads/-1002229197607/-1002229197607_57834.jpg	\N	\N	\N	\N	\N	\N	\N	2026-01-01 18:43:26.611715+05
534	83	57835	image	downloads/-1002229197607/-1002229197607_57835.jpg	\N	\N	\N	\N	\N	\N	\N	2026-01-01 18:43:26.611715+05
535	83	57836	image	downloads/-1002229197607/-1002229197607_57836.jpg	\N	\N	\N	\N	\N	\N	\N	2026-01-01 18:43:26.611715+05
536	83	57837	image	downloads/-1002229197607/-1002229197607_57837.jpg	\N	\N	\N	\N	\N	\N	\N	2026-01-01 18:43:26.611715+05
537	84	57838	image	downloads/-1002229197607/-1002229197607_57838.jpg	\N	\N	\N	\N	\N	\N	\N	2026-01-01 18:45:13.459558+05
538	84	57839	image	downloads/-1002229197607/-1002229197607_57839.jpg	\N	\N	\N	\N	\N	\N	\N	2026-01-01 18:45:13.459558+05
539	84	57840	image	downloads/-1002229197607/-1002229197607_57840.jpg	\N	\N	\N	\N	\N	\N	\N	2026-01-01 18:45:13.459558+05
540	84	57841	image	downloads/-1002229197607/-1002229197607_57841.jpg	\N	\N	\N	\N	\N	\N	\N	2026-01-01 18:45:13.459558+05
541	84	57842	image	downloads/-1002229197607/-1002229197607_57842.jpg	\N	\N	\N	\N	\N	\N	\N	2026-01-01 18:45:13.459558+05
542	84	57843	image	downloads/-1002229197607/-1002229197607_57843.jpg	\N	\N	\N	\N	\N	\N	\N	2026-01-01 18:45:13.459558+05
543	84	57844	image	downloads/-1002229197607/-1002229197607_57844.jpg	\N	\N	\N	\N	\N	\N	\N	2026-01-01 18:45:13.459558+05
544	84	57845	image	downloads/-1002229197607/-1002229197607_57845.jpg	\N	\N	\N	\N	\N	\N	\N	2026-01-01 18:45:13.459558+05
545	85	57846	image	downloads/-1002229197607/-1002229197607_57846.jpg	\N	\N	\N	\N	\N	\N	\N	2026-01-01 18:46:31.999575+05
546	85	57847	image	downloads/-1002229197607/-1002229197607_57847.jpg	\N	\N	\N	\N	\N	\N	\N	2026-01-01 18:46:31.999575+05
547	85	57848	image	downloads/-1002229197607/-1002229197607_57848.jpg	\N	\N	\N	\N	\N	\N	\N	2026-01-01 18:46:31.999575+05
548	85	57849	image	downloads/-1002229197607/-1002229197607_57849.jpg	\N	\N	\N	\N	\N	\N	\N	2026-01-01 18:46:31.999575+05
549	85	57850	image	downloads/-1002229197607/-1002229197607_57850.jpg	\N	\N	\N	\N	\N	\N	\N	2026-01-01 18:46:31.999575+05
550	85	57851	image	downloads/-1002229197607/-1002229197607_57851.jpg	\N	\N	\N	\N	\N	\N	\N	2026-01-01 18:46:31.999575+05
551	85	57852	image	downloads/-1002229197607/-1002229197607_57852.jpg	\N	\N	\N	\N	\N	\N	\N	2026-01-01 18:46:31.999575+05
552	85	57853	image	downloads/-1002229197607/-1002229197607_57853.jpg	\N	\N	\N	\N	\N	\N	\N	2026-01-01 18:46:31.999575+05
553	85	57854	image	downloads/-1002229197607/-1002229197607_57854.jpg	\N	\N	\N	\N	\N	\N	\N	2026-01-01 18:46:31.999575+05
554	85	57855	image	downloads/-1002229197607/-1002229197607_57855.jpg	\N	\N	\N	\N	\N	\N	\N	2026-01-01 18:46:31.999575+05
564	87	57856	image	downloads/-1002229197607/-1002229197607_57856.jpg	\N	\N	\N	\N	\N	\N	\N	2026-01-01 18:49:51.882778+05
565	87	57857	image	downloads/-1002229197607/-1002229197607_57857.jpg	\N	\N	\N	\N	\N	\N	\N	2026-01-01 18:49:51.882778+05
566	87	57858	image	downloads/-1002229197607/-1002229197607_57858.jpg	\N	\N	\N	\N	\N	\N	\N	2026-01-01 18:49:51.882778+05
567	87	57859	image	downloads/-1002229197607/-1002229197607_57859.jpg	\N	\N	\N	\N	\N	\N	\N	2026-01-01 18:49:51.882778+05
568	87	57860	image	downloads/-1002229197607/-1002229197607_57860.jpg	\N	\N	\N	\N	\N	\N	\N	2026-01-01 18:49:51.882778+05
569	87	57861	image	downloads/-1002229197607/-1002229197607_57861.jpg	\N	\N	\N	\N	\N	\N	\N	2026-01-01 18:49:51.882778+05
570	87	57862	image	downloads/-1002229197607/-1002229197607_57862.jpg	\N	\N	\N	\N	\N	\N	\N	2026-01-01 18:49:51.882778+05
571	87	57863	image	downloads/-1002229197607/-1002229197607_57863.jpg	\N	\N	\N	\N	\N	\N	\N	2026-01-01 18:49:51.882778+05
520	82	100083	image	downloads/-1001353416773/-1001353416773_100083.jpg	\N	\N	\N	\N	\N	\N	\N	2026-01-01 18:40:14.863442+05
521	82	100084	image	downloads/-1001353416773/-1001353416773_100084.jpg	\N	\N	\N	\N	\N	\N	\N	2026-01-01 18:40:14.863442+05
522	82	100085	image	downloads/-1001353416773/-1001353416773_100085.jpg	\N	\N	\N	\N	\N	\N	\N	2026-01-01 18:40:14.863442+05
523	82	100086	image	downloads/-1001353416773/-1001353416773_100086.jpg	\N	\N	\N	\N	\N	\N	\N	2026-01-01 18:40:14.863442+05
524	82	100087	image	downloads/-1001353416773/-1001353416773_100087.jpg	\N	\N	\N	\N	\N	\N	\N	2026-01-01 18:40:14.863442+05
525	82	100088	image	downloads/-1001353416773/-1001353416773_100088.jpg	\N	\N	\N	\N	\N	\N	\N	2026-01-01 18:40:14.863442+05
526	82	100089	image	downloads/-1001353416773/-1001353416773_100089.jpg	\N	\N	\N	\N	\N	\N	\N	2026-01-01 18:40:14.863442+05
527	82	100090	image	downloads/-1001353416773/-1001353416773_100090.jpg	\N	\N	\N	\N	\N	\N	\N	2026-01-01 18:40:14.863442+05
528	82	100091	image	downloads/-1001353416773/-1001353416773_100091.jpg	\N	\N	\N	\N	\N	\N	\N	2026-01-01 18:40:14.863442+05
529	82	100092	image	downloads/-1001353416773/-1001353416773_100092.jpg	\N	\N	\N	\N	\N	\N	\N	2026-01-01 18:40:14.863442+05
555	86	71520	image	downloads/-1002002705045/-1002002705045_71520.jpg	\N	\N	\N	\N	\N	\N	\N	2026-01-01 18:48:58.44953+05
556	86	71521	image	downloads/-1002002705045/-1002002705045_71521.jpg	\N	\N	\N	\N	\N	\N	\N	2026-01-01 18:48:58.44953+05
557	86	71522	image	downloads/-1002002705045/-1002002705045_71522.jpg	\N	\N	\N	\N	\N	\N	\N	2026-01-01 18:48:58.44953+05
558	86	71523	image	downloads/-1002002705045/-1002002705045_71523.jpg	\N	\N	\N	\N	\N	\N	\N	2026-01-01 18:48:58.44953+05
559	86	71524	image	downloads/-1002002705045/-1002002705045_71524.jpg	\N	\N	\N	\N	\N	\N	\N	2026-01-01 18:48:58.44953+05
560	86	71525	image	downloads/-1002002705045/-1002002705045_71525.jpg	\N	\N	\N	\N	\N	\N	\N	2026-01-01 18:48:58.44953+05
561	86	71526	image	downloads/-1002002705045/-1002002705045_71526.jpg	\N	\N	\N	\N	\N	\N	\N	2026-01-01 18:48:58.44953+05
562	86	71527	image	downloads/-1002002705045/-1002002705045_71527.jpg	\N	\N	\N	\N	\N	\N	\N	2026-01-01 18:48:58.44953+05
563	86	71528	image	downloads/-1002002705045/-1002002705045_71528.jpg	\N	\N	\N	\N	\N	\N	\N	2026-01-01 18:48:58.44953+05
572	88	57864	image	downloads/-1002229197607/-1002229197607_57864.jpg	\N	\N	\N	\N	\N	\N	\N	2026-01-01 18:52:55.64151+05
573	88	57865	image	downloads/-1002229197607/-1002229197607_57865.jpg	\N	\N	\N	\N	\N	\N	\N	2026-01-01 18:52:55.64151+05
574	88	57866	image	downloads/-1002229197607/-1002229197607_57866.jpg	\N	\N	\N	\N	\N	\N	\N	2026-01-01 18:52:55.64151+05
575	88	57867	image	downloads/-1002229197607/-1002229197607_57867.jpg	\N	\N	\N	\N	\N	\N	\N	2026-01-01 18:52:55.64151+05
576	88	57868	image	downloads/-1002229197607/-1002229197607_57868.jpg	\N	\N	\N	\N	\N	\N	\N	2026-01-01 18:52:55.64151+05
577	88	57869	image	downloads/-1002229197607/-1002229197607_57869.jpg	\N	\N	\N	\N	\N	\N	\N	2026-01-01 18:52:55.64151+05
578	88	57870	image	downloads/-1002229197607/-1002229197607_57870.jpg	\N	\N	\N	\N	\N	\N	\N	2026-01-01 18:52:55.64151+05
579	88	57871	image	downloads/-1002229197607/-1002229197607_57871.jpg	\N	\N	\N	\N	\N	\N	\N	2026-01-01 18:52:55.64151+05
580	88	57872	image	downloads/-1002229197607/-1002229197607_57872.jpg	\N	\N	\N	\N	\N	\N	\N	2026-01-01 18:52:55.64151+05
581	88	57873	image	downloads/-1002229197607/-1002229197607_57873.jpg	\N	\N	\N	\N	\N	\N	\N	2026-01-01 18:52:55.64151+05
582	89	57874	image	downloads/-1002229197607/-1002229197607_57874.jpg	\N	\N	\N	\N	\N	\N	\N	2026-01-01 18:54:13.551615+05
583	89	57875	image	downloads/-1002229197607/-1002229197607_57875.jpg	\N	\N	\N	\N	\N	\N	\N	2026-01-01 18:54:13.551615+05
584	89	57876	image	downloads/-1002229197607/-1002229197607_57876.jpg	\N	\N	\N	\N	\N	\N	\N	2026-01-01 18:54:13.551615+05
585	89	57877	image	downloads/-1002229197607/-1002229197607_57877.jpg	\N	\N	\N	\N	\N	\N	\N	2026-01-01 18:54:13.551615+05
586	89	57878	image	downloads/-1002229197607/-1002229197607_57878.jpg	\N	\N	\N	\N	\N	\N	\N	2026-01-01 18:54:13.551615+05
587	89	57879	image	downloads/-1002229197607/-1002229197607_57879.jpg	\N	\N	\N	\N	\N	\N	\N	2026-01-01 18:54:13.551615+05
588	89	57880	image	downloads/-1002229197607/-1002229197607_57880.jpg	\N	\N	\N	\N	\N	\N	\N	2026-01-01 18:54:13.551615+05
589	89	57881	image	downloads/-1002229197607/-1002229197607_57881.jpg	\N	\N	\N	\N	\N	\N	\N	2026-01-01 18:54:13.551615+05
590	90	57882	image	downloads/-1002229197607/-1002229197607_57882.jpg	\N	\N	\N	\N	\N	\N	\N	2026-01-01 18:57:28.208167+05
591	90	57883	image	downloads/-1002229197607/-1002229197607_57883.jpg	\N	\N	\N	\N	\N	\N	\N	2026-01-01 18:57:28.208167+05
592	90	57884	image	downloads/-1002229197607/-1002229197607_57884.jpg	\N	\N	\N	\N	\N	\N	\N	2026-01-01 18:57:28.208167+05
\.


--
-- Data for Name: metro_stations; Type: TABLE DATA; Schema: public; Owner: postgres
--

COPY public.metro_stations (id, name_ru, name_uz, line_name, line_color, latitude, longitude, aliases) FROM stdin;
1	Буюк Ипак Йули	Buyuk Ipak Yoli	Узбекистанская	red	\N	\N	{"Максим Горький"}
2	Пушкин	Pushkin	Узбекистанская	red	\N	\N	{}
3	Хамид Олимжон	Hamid Olimjon	Узбекистанская	red	\N	\N	{"Хамид Алимджан"}
4	Ойбек	Oybek	Узбекистанская	red	\N	\N	{}
5	Мустакиллик Майдони	Mustaqillik Maydoni	Узбекистанская	red	\N	\N	{"Площадь Независимости"}
6	Амир Темур Хиёбони	Amir Temur Xiyoboni	Узбекистанская	red	\N	\N	{"Сквер Амира Темура"}
7	Юнус Ражабий	Yunus Rajabiy	Узбекистанская	red	\N	\N	{}
8	Минор	Minor	Узбекистанская	red	\N	\N	{}
9	Олмазор	Olmazor	Чиланзарская	blue	\N	\N	{Алмазар}
10	Чиланзар	Chilonzor	Чиланзарская	blue	\N	\N	{}
11	Мирзо Улугбек	Mirzo Ulugbek	Чиланзарская	blue	\N	\N	{}
12	Новза	Novza	Чиланзарская	blue	\N	\N	{}
13	Миллий Бог	Milliy Bog	Чиланзарская	blue	\N	\N	{}
14	Пахтакор	Paxtakor	Чиланзарская	blue	\N	\N	{}
15	Гофур Гулом	Gafur Gulom	Чиланзарская	blue	\N	\N	{}
16	Юнусабад	Yunusobod	Юнусабадская	green	\N	\N	{}
17	Шахристан	Shahriston	Юнусабадская	green	\N	\N	{}
18	Туркистон	Turkiston	Юнусабадская	green	\N	\N	{}
19	Бодомзор	Bodomzor	Юнусабадская	green	\N	\N	{Бадамзар}
20	Абдулла Кодирий	Abdulla Qodiriy	Юнусабадская	green	\N	\N	{}
\.


--
-- Name: channels_id_seq; Type: SEQUENCE SET; Schema: public; Owner: postgres
--

SELECT pg_catalog.setval('public.channels_id_seq', 8, true);


--
-- Name: deletion_log_id_seq; Type: SEQUENCE SET; Schema: public; Owner: postgres
--

SELECT pg_catalog.setval('public.deletion_log_id_seq', 1, false);


--
-- Name: districts_id_seq; Type: SEQUENCE SET; Schema: public; Owner: postgres
--

SELECT pg_catalog.setval('public.districts_id_seq', 11, true);


--
-- Name: duplicates_id_seq; Type: SEQUENCE SET; Schema: public; Owner: postgres
--

SELECT pg_catalog.setval('public.duplicates_id_seq', 8, true);


--
-- Name: listings_id_seq; Type: SEQUENCE SET; Schema: public; Owner: postgres
--

SELECT pg_catalog.setval('public.listings_id_seq', 79, true);


--
-- Name: media_id_seq; Type: SEQUENCE SET; Schema: public; Owner: postgres
--

SELECT pg_catalog.setval('public.media_id_seq', 592, true);


--
-- Name: metro_stations_id_seq; Type: SEQUENCE SET; Schema: public; Owner: postgres
--

SELECT pg_catalog.setval('public.metro_stations_id_seq', 20, true);


--
-- Name: posts_id_seq; Type: SEQUENCE SET; Schema: public; Owner: postgres
--

SELECT pg_catalog.setval('public.posts_id_seq', 90, true);


--
-- PostgreSQL database dump complete
--

\unrestrict GelPLepaacSI3OZ1camOEF1C4FK2KhWZxz2FKnuUAANvrMZHtMfKoqDtdzYg9dX

